County Name,State Name,Confirmed,New,Death,Fatality Rate,Latitude,Longitude,Last Update,STATEFP,COUNTYFP
New York,New York,2469,598,11,0.40%,40.71455,-74.00714,2020-03-19 20:03 EDT,36,61
Westchester,New York,798,260,0,0%,41.16319759,-73.7560629,2020-03-19 20:03 EDT,36,119
Nassau,New York,372,94,1,0.30%,40.74165225,-73.58899619,2020-03-19 20:03 EDT,36,59
Suffolk,New York,178,26,3,1.70%,40.87732808,-72.85898036,2020-03-19 20:03 EDT,36,103
Rockland,New York,53,22,1,1.90%,41.152374,-74.02401032,2020-03-19 20:03 EDT,36,87
Orange,New York,51,19,0,0%,41.40206825,-74.30559567,2020-03-19 20:03 EDT,36,71
Albany,New York,43,7,0,0%,42.65155,-73.75521,2020-03-19 20:03 EDT,36,1
Dutchess,New York,31,11,0,0%,41.76477515,-73.74281684,2020-03-19 20:03 EDT,36,27
Monroe,New York,30,8,1,3.30%,43.14604282,-77.69674911,2020-03-19 20:03 EDT,36,55
Erie,New York,28,1,0,0%,42.76382119,-78.73224973,2020-03-19 20:03 EDT,36,29
Saratoga,New York,14,0,0,0%,43.06974,-73.63661,2020-03-19 20:03 EDT,36,91
Schenectady,New York,14,0,0,0%,42.81238,-73.94122,2020-03-19 20:03 EDT,36,93
Ulster,New York,9,0,0,0%,41.95986,-73.99033,2020-03-19 20:03 EDT,36,111
Onondaga,New York,9,3,0,0%,43.00487,-76.1836,2020-03-19 20:03 EDT,36,67
Tompkins,New York,6,0,0,0%,42.44933495,-76.47064359,2020-03-19 20:03 EDT,36,109
Putnam,New York,5,3,0,0%,41.42653455,-73.7494999,2020-03-19 20:03 EDT,36,79
Rensselaer,New York,4,0,0,0%,42.71086263,-73.5097379,2020-03-19 20:03 EDT,36,83
Niagara,New York,4,3,0,0%,43.19998147,-78.74522262,2020-03-19 20:03 EDT,36,63
Greene,New York,2,0,0,0%,42.27654571,-74.12261588,2020-03-19 20:03 EDT,36,39
Montgomery,New York,2,0,0,0%,42.9022918,-74.43960085,2020-03-19 20:03 EDT,36,57
Allegany,New York,2,0,0,0%,42.25739788,-78.02755444,2020-03-19 20:03 EDT,36,3
Oneida,New York,2,0,0,0%,43.24306498,-75.42583597,2020-03-19 20:03 EDT,36,65
Wyoming,New York,2,1,0,0%,42.70242659,-78.22443261,2020-03-19 20:03 EDT,36,121
Delaware,New York,1,0,0,0%,42.19804334,-74.96635196,2020-03-19 20:03 EDT,36,25
Herkimer,New York,1,0,0,0%,43.0259,-74.98433,2020-03-19 20:03 EDT,36,43
Broome,New York,1,0,0,0%,42.16021802,-75.81964586,2020-03-19 20:03 EDT,36,7
Tioga,New York,1,0,0,0%,42.06057,-76.34519,2020-03-19 20:03 EDT,36,107
Ontario,New York,1,0,0,0%,42.85288942,-77.29981098,2020-03-19 20:03 EDT,36,69
Clinton,New York,1,0,0,0%,44.7904,-73.6006,2020-03-19 20:03 EDT,36,19
Essex,New York,1,0,0,0%,44.10755697,-73.79125847,2020-03-19 20:03 EDT,36,31
Sullivan,New York,1,0,0,0%,41.71631354,-74.76811083,2020-03-19 20:03 EDT,36,105
Genesee,New York,1,0,0,0%,43.00094016,-78.1936949,2020-03-19 20:03 EDT,36,37
Warren,New York,1,0,0,0%,43.5592099,-73.85881158,2020-03-19 20:03 EDT,36,113
Washington,New York,1,0,0,0%,43.31227113,-73.43096234,2020-03-19 20:03 EDT,36,115
Hamilton,New York,1,0,0,0%,43.66130373,-74.49733573,2020-03-19 20:03 EDT,36,41
Chenango,New York,1,0,0,0%,42.49349443,-75.6115371,2020-03-19 20:03 EDT,36,17
Schoharie,New York,1,0,0,0%,42.58820746,-74.44213588,2020-03-19 20:03 EDT,36,95
King,Washington,693,0,56,10%,47.49011813,-121.8043324,2020-03-19 20:03 EDT,53,33
Snohomish,Washington,348,0,6,1.90%,47.9124,-122.09306,2020-03-19 20:03 EDT,53,61
Pierce,Washington,75,0,1,1.80%,47.02270813,-122.1014408,2020-03-19 15:43 EDT,53,53
Island,Washington,17,0,0,0%,48.19160936,-122.6650075,2020-03-19 20:03 EDT,53,29
Skagit,Washington,18,0,0,0%,48.47933023,-121.7280802,2020-03-19 20:03 EDT,53,57
Kitsap,Washington,12,0,0,0%,47.47496219,-122.6085325,2020-03-19 20:03 EDT,53,35
Grant,Washington,8,0,1,12.50%,47.19885794,-119.4525987,2020-03-19 20:03 EDT,53,25
Whatcom,Washington,7,0,0,0%,48.82559702,-121.7174182,2020-03-19 20:03 EDT,53,73
Yakima,Washington,7,0,0,0%,46.60448,-120.50721,2020-03-19 20:03 EDT,53,77
Thurston,Washington,6,0,0,0%,46.91980578,-122.8298691,2020-03-19 20:03 EDT,53,67
Spokane,Washington,5,0,0,0%,47.65726,-117.41228,2020-03-19 20:03 EDT,53,63
Jefferson,Washington,4,0,0,0%,47.74810608,-123.6000095,2020-03-19 20:03 EDT,53,31
Clark,Washington,4,0,3,75%,45.78187331,-122.4812785,2020-03-19 20:03 EDT,53,11
Kittitas,Washington,4,0,0,0%,46.98472,-120.41752,2020-03-19 20:03 EDT,53,37
Chelan,Washington,2,0,0,0%,47.86707169,-120.6252677,2020-03-19 20:03 EDT,53,7
Grays Harbor,Washington,1,0,0,0%,47.15055235,-123.7737432,2020-03-19 20:03 EDT,53,27
Columbia,Washington,1,0,0,0%,46.29757684,-117.9078634,2020-03-19 20:03 EDT,53,13
Lincoln,Washington,1,0,0,0%,47.57305061,-118.4177041,2020-03-19 20:03 EDT,53,43
Cowlitz,Washington,1,0,0,0%,46.19454048,-122.6783272,2020-03-19 20:03 EDT,53,15
Lewis,Washington,1,0,0,0%,46.57779491,-122.3929158,2020-03-19 20:03 EDT,53,41
Klickitat,Washington,1,0,0,0%,45.87640914,-120.7920397,2020-03-19 20:03 EDT,53,39
Mason,Washington,1,0,0,0%,38.61504,-83.80988,2020-03-19 20:03 EDT,53,45
Los Angeles,California,192,2,1,0.50%,34.05349,-118.24532,2020-03-19 20:03 EDT,6,37
Santa Clara,California,175,0,6,3.40%,37.35579,-121.95509,2020-03-19 20:03 EDT,6,85
San Mateo,California,89,9,1,1.10%,37.54704,-122.31485,2020-03-19 20:03 EDT,6,81
San Diego,California,80,4,0,0%,32.71568,-117.16171,2020-03-19 20:03 EDT,6,73
San Francisco,California,70,19,0,0%,37.77712,-122.41964,2020-03-19 20:03 EDT,6,75
Sacramento,California,45,5,3,6.70%,38.57944,-121.49085,2020-03-19 20:03 EDT,6,67
Orange,California,42,0,0,0%,33.78787,-117.85071,2020-03-19 20:03 EDT,6,59
Contra Costa,California,41,2,0,0%,37.91793732,-121.9259354,2020-03-19 20:03 EDT,6,13
Alameda,California,34,0,0,0%,37.76683,-122.2453,2020-03-19 20:03 EDT,6,1
Riverside,California,16,0,3,18.80%,33.98171,-117.37404,2020-03-19 20:03 EDT,6,65
Marin,California,15,0,0,0%,38.07188727,-122.7195348,2020-03-19 20:03 EDT,6,41
Santa Cruz,California,14,1,0,0%,36.97424,-122.03098,2020-03-19 20:03 EDT,6,87
San Joaquin,California,14,0,2,14.30%,37.93479557,-121.2713112,2020-03-19 20:03 EDT,6,77
Ventura,California,13,1,0,0%,34.28082,-119.29232,2020-03-19 20:03 EDT,6,111
Placer,California,9,0,1,11.10%,39.05913563,-120.7536328,2020-03-19 20:03 EDT,6,61
Solano,California,8,0,0,0%,38.27793363,-121.9272405,2020-03-19 20:03 EDT,6,95
San Luis Obispo,California,7,0,0,0%,35.28579,-120.66275,2020-03-19 20:03 EDT,6,79
Sonoma,California,6,0,0,0%,38.29188,-122.45728,2020-03-19 20:03 EDT,6,97
Yolo,California,5,0,0,0%,38.73431,-121.81279,2020-03-19 20:03 EDT,6,113
Stanislaus,California,5,0,0,0%,37.55932622,-120.9976619,2020-03-19 20:03 EDT,6,99
Tulare,California,5,0,0,0%,36.20649,-119.34305,2020-03-19 20:03 EDT,6,107
San Bernardino,California,5,0,0,0%,34.10524,-117.29412,2020-03-19 20:03 EDT,6,71
San Benito,California,3,0,0,0%,36.50506,-121.08332,2020-03-19 20:03 EDT,6,69
Fresno,California,3,0,0,0%,36.74084,-119.78552,2020-03-19 20:03 EDT,6,19
Santa Barbara,California,3,0,0,0%,34.41938,-119.69905,2020-03-19 20:03 EDT,6,83
Calaveras,California,2,0,0,0%,38.20473567,-120.5540655,2020-03-19 20:03 EDT,6,9
Imperial,California,2,0,0,0%,32.84748,-115.56952,2020-03-19 20:03 EDT,6,25
Monterey,California,2,0,0,0%,36.21714603,-121.2390196,2020-03-19 20:03 EDT,6,53
Humboldt,California,1,0,0,0%,40.69879803,-123.8737147,2020-03-19 20:03 EDT,6,23
Madera,California,1,0,0,0%,36.96205,-120.06399,2020-03-19 20:03 EDT,6,39
Shasta,California,1,0,0,0%,40.59828,-122.49095,2020-03-19 20:03 EDT,6,89
Nevada,California,1,0,0,0%,39.2616,-121.0161,2020-03-19 20:03 EDT,6,57
Kern,California,1,0,0,0%,35.34281638,-118.7299395,2020-03-19 20:03 EDT,6,29
Bergen,New Jersey,114,0,2,1.80%,40.95949149,-74.074442,2020-03-19 20:03 EDT,34,3
Essex,New Jersey,45,0,1,2.20%,40.78779259,-74.24760059,2020-03-19 20:03 EDT,34,13
Middlesex,New Jersey,40,0,0,0%,40.57936,-74.50067,2020-03-19 20:03 EDT,34,23
Hudson,New Jersey,34,0,1,2.90%,40.74034231,-74.0741097,2020-03-19 20:03 EDT,34,17
Monmouth,New Jersey,32,0,1,3.10%,40.2600411,-74.22194634,2020-03-19 20:03 EDT,34,25
Union,New Jersey,26,0,0,0%,40.69635,-74.26957,2020-03-19 20:03 EDT,34,39
Morris,New Jersey,19,0,0,0%,40.86201902,-74.5442741,2020-03-19 20:03 EDT,34,27
Passaic,New Jersey,18,0,0,0%,40.86034,-74.12374,2020-03-19 20:03 EDT,34,31
Somerset,New Jersey,16,0,0,0%,40.49859,-74.52249,2020-03-19 20:03 EDT,34,35
Mercer,New Jersey,15,0,0,0%,40.28331911,-74.70157374,2020-03-19 20:03 EDT,34,21
Burlington,New Jersey,10,0,0,0%,40.07687,-74.85775,2020-03-19 20:03 EDT,34,5
Camden,New Jersey,8,0,0,0%,39.94525,-75.11913,2020-03-19 20:03 EDT,34,7
Ocean,New Jersey,8,0,0,0%,39.90927434,-74.2969653,2020-03-19 20:03 EDT,34,29
Hunterdon,New Jersey,6,0,0,0%,40.56725317,-74.91217921,2020-03-19 20:03 EDT,34,19
Atlantic,New Jersey,3,0,0,0%,39.4806564,-74.67264306,2020-03-19 20:03 EDT,34,1
Gloucester,New Jersey,2,0,0,0%,39.71720107,-75.14164366,2020-03-19 20:03 EDT,34,15
Warren,New Jersey,1,0,0,0%,40.85732358,-74.997063,2020-03-19 20:03 EDT,34,41
Broward,Florida,96,16,1,1%,26.15224542,-80.4870534,2020-03-19 20:03 EDT,12,11
Palm Beach,Florida,29,8,0,0%,26.70288,-80.03661,2020-03-19 20:03 EDT,12,99
Hillsborough,Florida,19,5,0,0%,27.93023096,-82.30785534,2020-03-19 20:03 EDT,12,57
Collier,Florida,18,5,0,0%,26.11625563,-81.34013334,2020-03-19 20:03 EDT,12,21
Duval,Florida,15,1,0,0%,30.47844,-81.62557,2020-03-19 20:03 EDT,12,31
Orange,Florida,15,4,2,13.30%,41.33141,-74.35667,2020-03-19 20:03 EDT,12,95
Pinellas,Florida,14,2,0,0%,27.9313392,-82.72194025,2020-03-19 20:03 EDT,12,103
Lee,Florida,11,0,1,9.10%,26.57965162,-81.82468531,2020-03-19 20:03 EDT,12,71
Alachua,Florida,10,3,0,0%,29.79309,-82.49428,2020-03-19 20:03 EDT,12,1
Manatee,Florida,9,1,1,11.10%,27.49643,-82.53954,2020-03-19 20:03 EDT,12,81
Volusia,Florida,9,0,0,0%,29.16934,-81.52251,2020-03-19 20:03 EDT,12,127
Osceola,Florida,9,1,0,0%,28.06812578,-81.14519655,2020-03-19 20:03 EDT,12,97
Seminole,Florida,8,1,0,0%,28.71700144,-81.23632262,2020-03-19 20:03 EDT,12,117
Sarasota,Florida,5,1,0,0%,27.33889,-82.53887,2020-03-19 20:03 EDT,12,115
Leon,Florida,4,3,1,25%,30.45796803,-84.27794359,2020-03-19 20:03 EDT,12,73
Okaloosa,Florida,4,0,0,0%,30.70702353,-86.59650821,2020-03-19 20:03 EDT,12,91
Pasco,Florida,4,1,0,0%,28.32453,-82.33624,2020-03-19 20:03 EDT,12,101
Clay,Florida,4,0,2,50%,29.98305516,-81.85778209,2020-03-19 20:03 EDT,12,19
St. Johns,Florida,4,0,0,0%,30.12051,-81.62536,2020-03-19 20:03 EDT,12,109
Citrus,Florida,3,0,0,0%,28.8507789,-82.46594866,2020-03-19 20:03 EDT,12,17
Santa Rosa,Florida,2,1,1,50%,30.73147611,-87.01761385,2020-03-19 20:03 EDT,12,113
Lake,Florida,2,0,0,0%,28.76261973,-81.71155351,2020-03-19 20:03 EDT,12,69
Polk,Florida,2,0,0,0%,27.94887824,-81.69776009,2020-03-19 20:03 EDT,12,105
Brevard,Florida,2,0,0,0%,28.29348419,-80.73235631,2020-03-19 20:03 EDT,12,9
Gadsden,Florida,1,0,0,0%,30.57948492,-84.61351742,2020-03-19 20:03 EDT,12,39
Charlotte,Florida,1,0,0,0%,26.90848328,-81.90343918,2020-03-19 20:03 EDT,12,15
Nassau,Florida,1,0,0,0%,30.61077673,-81.80173997,2020-03-19 20:03 EDT,12,89
Escambia,Florida,1,0,0,0%,30.70048478,-87.37722154,2020-03-19 20:03 EDT,12,33
Walton County,Florida,1,0,0,0%,30.65939599,-86.16268062,2020-03-19 20:03 EDT,12,131
Sumter,Florida,1,0,0,0%,28.70474449,-82.0809939,2020-03-19 20:03 EDT,12,119
Orleans,Louisiana,231,35,6,2.60%,30.03843182,-89.90055149,2020-03-19 20:03 EDT,22,71
Jefferson,Louisiana,62,17,1,1.60%,29.9596,-90.17182,2020-03-19 20:03 EDT,22,51
St. Tammany,Louisiana,10,0,0,0%,30.39408,-89.89507,2020-03-19 20:03 EDT,22,103
Caddo,Louisiana,7,1,0,0%,32.75632,-93.97374,2020-03-19 20:03 EDT,22,17
East Baton Rouge,Louisiana,5,2,0,0%,30.53926541,-91.09217012,2020-03-19 20:03 EDT,22,33
Lafourche,Louisiana,4,1,0,0%,29.76529,-90.76881,2020-03-19 20:03 EDT,22,57
St. Charles,Louisiana,4,1,0,0%,29.9052798,-90.3824403,2020-03-19 20:03 EDT,22,89
Terrebonne,Louisiana,4,1,0,0%,29.43006669,-90.87546183,2020-03-19 20:03 EDT,22,109
St. Bernard,Louisiana,4,1,0,0%,29.86715,-89.85868,2020-03-19 20:03 EDT,22,87
Bossier,Louisiana,2,1,0,0%,32.67886191,-93.60531071,2020-03-19 20:03 EDT,22,15
St. John the Baptist,Louisiana,2,1,0,0%,30.07866499,-90.54541322,2020-03-19 20:03 EDT,22,95
Ascension,Louisiana,2,1,0,0%,30.20549338,-90.9088583,2020-03-19 20:03 EDT,22,5
Washington,Louisiana,2,1,0,0%,30.85339216,-90.04050446,2020-03-19 20:03 EDT,22,117
Lafayette,Louisiana,2,2,0,0%,30.20678822,-92.06389372,2020-03-19 20:03 EDT,22,55
St. James,Louisiana,1,0,1,100%,30.41825,-91.09344,2020-03-19 20:03 EDT,22,93
Plaquemines,Louisiana,1,1,0,0%,29.48327508,-89.6525564,2020-03-19 20:03 EDT,22,75
West Baton Rouge,Louisiana,1,1,0,0%,30.45019,-91.20511,2020-03-19 20:03 EDT,22,121
Cook,Illinois,178,0,1,0.60%,41.84014932,-87.81682325,2020-03-19 20:03 EDT,17,31
DuPage,Illinois,45,0,0,0%,41.85194049,-88.08561127,2020-03-19 20:03 EDT,17,43
Lake,Illinois,18,0,0,0%,42.32327645,-88.00353452,2020-03-19 20:03 EDT,17,97
Will,Illinois,8,5,0,0%,41.44505655,-87.97865231,2020-03-19 20:03 EDT,17,197
Kane,Illinois,4,0,0,0%,41.93887565,-88.42863925,2020-03-19 20:03 EDT,17,89
McHenry,Illinois,4,0,0,0%,42.32621,-88.26731,2020-03-19 20:03 EDT,17,111
St. Clair,Illinois,3,0,0,0%,38.46996471,-89.92749975,2020-03-19 20:03 EDT,17,163
Sangamon,Illinois,3,0,0,0%,39.75815792,-89.6588874,2020-03-19 20:03 EDT,17,167
Clinton,Illinois,3,0,0,0%,40.1536,-88.9645,2020-03-19 20:03 EDT,17,27
Peoria,Illinois,3,0,0,0%,40.69236,-89.58799,2020-03-19 20:03 EDT,17,143
Kendall,Illinois,2,0,0,0%,41.59058793,-88.42880574,2020-03-19 20:03 EDT,17,93
Woodford,Illinois,1,0,0,0%,40.84437,-89.02781,2020-03-19 20:03 EDT,17,203
Cumberland,Illinois,1,0,0,0%,39.27332831,-88.24016822,2020-03-19 20:03 EDT,17,35
Champaign,Illinois,1,0,0,0%,40.1142,-88.2435,2020-03-19 20:03 EDT,17,19
Winnebago,Illinois,1,0,0,0%,42.26568,-89.24139,2020-03-19 20:03 EDT,17,201
Whiteside,Illinois,1,0,0,0%,41.75533495,-89.91231676,2020-03-19 20:03 EDT,17,195
Madison,Illinois,1,0,0,0%,38.83006224,-89.9017802,2020-03-19 20:03 EDT,17,119
Jackson,Illinois,1,0,0,0%,37.78549498,-89.38103883,2020-03-19 20:03 EDT,17,77
Williamson,Illinois,1,0,0,0%,37.73016812,-88.92990905,2020-03-19 20:03 EDT,17,199
Fulton,Georgia,66,17,0,0%,33.79024066,-84.46711002,2020-03-19 20:03 EDT,13,121
Cobb,Georgia,37,9,1,2.70%,33.9414802,-84.57663741,2020-03-19 20:03 EDT,13,67
Bartow,Georgia,26,7,0,0%,34.23764397,-84.8407294,2020-03-19 20:03 EDT,13,15
DeKalb,Georgia,22,4,0,0%,33.77153731,-84.22646531,2020-03-19 20:03 EDT,13,89
Dougherty,Georgia,20,13,2,10%,31.53332494,-84.21629439,2020-03-19 20:03 EDT,13,95
Cherokee,Georgia,16,7,0,0%,34.24398966,-84.47624414,2020-03-19 20:03 EDT,13,57
Gwinnett,Georgia,12,5,0,0%,33.96118879,-84.0235873,2020-03-19 20:03 EDT,13,135
Fayette,Georgia,9,1,0,0%,33.4139091,-84.49427247,2020-03-19 20:03 EDT,13,113
Lowndes,Georgia,8,3,0,0%,30.83362831,-83.26769554,2020-03-19 20:03 EDT,13,185
Clarke,Georgia,8,3,0,0%,33.95110572,-83.36741217,2020-03-19 20:03 EDT,13,59
Floyd,Georgia,6,0,0,0%,34.26324245,-85.21452762,2020-03-19 20:03 EDT,13,115
Clayton,Georgia,6,0,0,0%,33.54197299,-84.35769948,2020-03-19 20:03 EDT,13,63
Hall,Georgia,5,2,0,0%,34.32041152,-83.81043541,2020-03-19 20:03 EDT,13,139
Lee,Georgia,3,1,0,0%,31.77959716,-84.14088023,2020-03-19 20:03 EDT,13,177
Gordon,Georgia,3,0,0,0%,34.50319646,-84.87587883,2020-03-19 20:03 EDT,13,129
Coweta,Georgia,3,0,0,0%,33.35360269,-84.76336691,2020-03-19 20:03 EDT,13,77
Henry,Georgia,3,1,0,0%,33.45301628,-84.15426282,2020-03-19 20:03 EDT,13,151
Newton,Georgia,3,0,0,0%,33.55500659,-83.8502182,2020-03-19 20:03 EDT,13,217
Forsyth,Georgia,3,1,0,0%,34.22493225,-84.13349923,2020-03-19 20:03 EDT,13,117
Paulding,Georgia,3,0,0,0%,33.92042456,-84.8672012,2020-03-19 20:03 EDT,13,223
Troup,Georgia,2,0,0,0%,33.03351893,-85.02826168,2020-03-19 20:03 EDT,13,285
Richmond,Georgia,2,1,0,0%,33.35962968,-82.07361638,2020-03-19 20:03 EDT,13,245
Early,Georgia,2,2,0,0%,31.32275589,-84.90368024,2020-03-19 20:03 EDT,13,99
Glynn,Georgia,2,2,0,0%,31.23258257,-81.54266737,2020-03-19 20:03 EDT,13,127
Laurens,Georgia,2,2,0,0%,32.46368817,-82.92216465,2020-03-19 20:03 EDT,13,175
Polk,Georgia,1,0,0,0%,34.00168812,-85.18810974,2020-03-19 20:03 EDT,13,233
Charlton,Georgia,1,0,0,0%,30.78171091,-82.13776476,2020-03-19 20:03 EDT,13,49
Columbia,Georgia,1,0,0,0%,33.53724806,-82.26219609,2020-03-19 20:03 EDT,13,73
Houston,Georgia,1,0,0,0%,32.45894643,-83.66617499,2020-03-19 20:03 EDT,13,153
Whitfield,Georgia,1,0,0,0%,34.80552576,-84.96721045,2020-03-19 20:03 EDT,13,313
Barrow,Georgia,1,0,0,0%,33.99322516,-83.71272533,2020-03-19 20:03 EDT,13,13
Bibb,Georgia,1,1,0,0%,32.80663592,-83.69775904,2020-03-19 20:03 EDT,13,21
Peach,Georgia,1,1,0,0%,32.5688118,-83.82678717,2020-03-19 20:03 EDT,13,225
Muscogee,Georgia,1,1,0,0%,32.50990011,-84.87686884,2020-03-19 20:03 EDT,13,215
Middlesex,Massachusetts,100,0,0,0%,42.48559407,-71.3917913,2020-03-19 20:03 EDT,25,17
Suffolk,Massachusetts,51,0,0,0%,42.33189157,-71.07537429,2020-03-19 20:03 EDT,25,25
Norfolk,Massachusetts,45,0,0,0%,42.11941,-71.33083,2020-03-19 20:03 EDT,25,21
Berkshire,Massachusetts,17,0,0,0%,42.51105,-73.19426,2020-03-19 20:03 EDT,25,3
Essex,Massachusetts,14,0,0,0%,42.63251,-70.78113,2020-03-19 20:03 EDT,25,9
Worcester,Massachusetts,10,0,0,0%,42.26341,-71.80219,2020-03-19 20:03 EDT,25,27
Bristol,Massachusetts,5,0,0,0%,41.79836956,-71.11428121,2020-03-19 20:03 EDT,25,5
Plymouth,Massachusetts,5,0,0,0%,41.92808,-70.6568,2020-03-19 20:03 EDT,25,23
Barnstable,Massachusetts,2,0,0,0%,41.70194,-70.30442,2020-03-19 20:03 EDT,25,1
Hampden,Massachusetts,2,0,0,0%,42.064613,-72.422,2020-03-19 20:03 EDT,25,13
Franklin,Massachusetts,1,0,0,0%,42.58654867,-72.59777313,2020-03-19 20:03 EDT,25,11
Dallas,Texas,59,20,1,1.70%,32.77822,-96.79512,2020-03-19 20:03 EDT,48,113
Harris,Texas,29,1,0,0%,29.85762795,-95.39311138,2020-03-19 20:03 EDT,48,201
Bexar,Texas,25,0,0,0%,29.44892069,-98.5200077,2020-03-19 20:03 EDT,48,29
Travis,Texas,23,0,0,0%,30.33462266,-97.78218981,2020-03-19 20:03 EDT,48,453
Collin,Texas,13,0,1,7.70%,33.1968,-96.80393,2020-03-19 20:03 EDT,48,85
Fort Bend,Texas,12,0,0,0%,29.52745252,-95.77065084,2020-03-19 20:03 EDT,48,157
Tarrant,Texas,8,0,1,12.50%,32.8173,-97.07655,2020-03-19 20:03 EDT,48,439
Williamson,Texas,8,4,0,0%,30.64806761,-97.60077209,2020-03-19 20:03 EDT,48,491
Montgomery,Texas,7,0,0,0%,30.38862,-95.69633,2020-03-19 20:03 EDT,48,339
Smith,Texas,5,0,0,0%,32.37505601,-95.26910259,2020-03-19 20:03 EDT,48,423
Bell,Texas,5,0,0,0%,31.03765881,-97.47807382,2020-03-19 20:03 EDT,48,27
Hays,Texas,5,0,0,0%,30.1227,-97.8722,2020-03-19 20:03 EDT,48,209
Denton,Texas,5,0,0,0%,33.21659,-97.13162,2020-03-19 20:03 EDT,48,121
McLennan,Texas,5,0,0,0%,31.55234029,-97.20180587,2020-03-19 20:03 EDT,48,309
Galveston,Texas,4,0,0,0%,29.29532,-94.80791,2020-03-19 20:03 EDT,48,167
Brazoria,Texas,4,0,0,0%,29.04971,-95.562,2020-03-19 20:03 EDT,48,39
Brazos,Texas,4,1,0,0%,30.66048584,-96.30207301,2020-03-19 20:03 EDT,48,41
El Paso,Texas,3,0,0,0%,31.75916,-106.48749,2020-03-19 20:03 EDT,48,141
Matagorda,Texas,3,0,1,33.30%,28.69123,-95.96755,2020-03-19 20:03 EDT,48,321
Lubbock,Texas,3,0,0,0%,33.61019304,-101.8204416,2020-03-19 20:03 EDT,48,303
Potter,Texas,2,0,0,0%,35.40127385,-101.8939736,2020-03-19 20:03 EDT,48,375
Gregg,Texas,1,0,0,0%,32.48062462,-94.81699103,2020-03-19 20:03 EDT,48,183
Lavaca,Texas,1,0,0,0%,29.38432888,-96.93010975,2020-03-19 20:03 EDT,48,285
Bowie,Texas,1,0,0,0%,33.559,-97.8486,2020-03-19 20:03 EDT,48,37
Webb,Texas,1,0,0,0%,27.7925,-99.4228,2020-03-19 20:03 EDT,48,479
Rusk,Texas,1,0,0,0%,31.796,-95.1502,2020-03-19 20:03 EDT,48,401
Ellis,Texas,1,0,0,0%,32.34839289,-96.79460418,2020-03-19 20:03 EDT,48,139
Wichita,Texas,1,0,0,0%,33.98410156,-98.70169462,2020-03-19 20:03 EDT,48,485
Johnson,Texas,1,0,0,0%,32.37899029,-97.36641179,2020-03-19 20:03 EDT,48,251
Comal,Texas,1,0,0,0%,29.80818438,-98.2781952,2020-03-19 20:03 EDT,48,91
Grimes,Texas,1,0,0,0%,30.54365581,-95.98530182,2020-03-19 20:03 EDT,48,185
Fannin,Texas,1,0,0,0%,33.59309617,-96.10695931,2020-03-19 20:03 EDT,48,147
Jefferson,Texas,1,0,0,0%,29.88366401,-94.16922753,2020-03-19 20:03 EDT,48,245
DeWitt,Texas,1,0,0,0%,29.08205895,-97.3568176,2020-03-19 20:03 EDT,48,123
Brown,Texas,1,0,0,0%,31.77427489,-98.99985028,2020-03-19 20:03 EDT,48,49
Van Zandt,Texas,1,0,0,0%,32.56229951,-95.83587208,2020-03-19 20:03 EDT,48,467
Denver,Colorado,43,0,0,0%,39.74001,-104.99202,2020-03-19 20:03 EDT,8,31
Eagle,Colorado,39,0,0,0%,39.65565,-106.82788,2020-03-19 20:03 EDT,8,37
Jefferson,Colorado,25,0,0,0%,39.58643164,-105.2504022,2020-03-19 20:03 EDT,8,59
Arapahoe,Colorado,22,0,0,0%,39.64976719,-104.3392044,2020-03-19 20:03 EDT,8,5
Douglas,Colorado,11,0,0,0%,39.32966642,-104.9295706,2020-03-19 20:03 EDT,8,35
Pitkin,Colorado,11,0,0,0%,39.21712515,-106.9167355,2020-03-19 20:03 EDT,8,97
Gunnison,Colorado,11,0,0,0%,38.54526,-106.92692,2020-03-19 20:03 EDT,8,51
Boulder,Colorado,11,0,0,0%,40.01574,-105.27924,2020-03-19 20:03 EDT,8,13
Adams,Colorado,10,0,0,0%,39.87375914,-104.3366349,2020-03-19 20:03 EDT,8,1
Weld,Colorado,9,0,1,11.10%,40.55477273,-104.3924353,2020-03-19 20:03 EDT,8,123
El Paso,Colorado,8,0,1,12.50%,38.83212691,-104.5255141,2020-03-19 20:03 EDT,8,41
Summit,Colorado,5,0,0,0%,39.6341694,-106.1163607,2020-03-19 20:03 EDT,8,117
Larimer,Colorado,4,0,0,0%,40.66645245,-105.4609363,2020-03-19 20:03 EDT,8,69
Routt,Colorado,2,0,0,0%,40.48499792,-106.9912189,2020-03-19 20:03 EDT,8,107
Garfield,Colorado,2,0,0,0%,39.59922654,-107.9040019,2020-03-19 20:03 EDT,8,45
Clear Creek,Colorado,2,0,0,0%,39.68905313,-105.6443322,2020-03-19 20:03 EDT,8,19
Pueblo,Colorado,1,0,0,0%,38.26375,-104.61252,2020-03-19 20:03 EDT,8,101
Mesa,Colorado,1,0,0,0%,39.16616,-108.13889,2020-03-19 20:03 EDT,8,77
Grand,Colorado,1,0,0,0%,40.10263738,-106.1182838,2020-03-19 20:03 EDT,8,49
Montgomery,Pennsylvania,47,5,0,0%,40.21089424,-75.36736378,2020-03-19 20:03 EDT,42,91
Philadelphia,Pennsylvania,34,0,0,0%,39.95222,-75.16218,2020-03-19 20:03 EDT,42,101
Allegheny,Pennsylvania,18,6,0,0%,40.45082,-80.01615,2020-03-19 20:03 EDT,42,3
Monroe,Pennsylvania,15,7,0,0%,41.05811592,-75.33939791,2020-03-19 20:03 EDT,42,89
Delaware,Pennsylvania,14,0,0,0%,39.9167251,-75.39898556,2020-03-19 20:03 EDT,42,45
Bucks,Pennsylvania,12,0,0,0%,40.33694044,-75.10679406,2020-03-19 20:03 EDT,42,17
Cumberland,Pennsylvania,11,1,0,0%,40.16367663,-77.26538073,2020-03-19 20:03 EDT,42,41
Chester,Pennsylvania,10,1,0,0%,39.97320372,-75.74845154,2020-03-19 20:03 EDT,42,29
Northampton,Pennsylvania,5,4,1,20%,40.6836,-75.49108,2020-03-19 20:03 EDT,42,95
Pike,Pennsylvania,3,1,0,0%,41.33202501,-75.03382353,2020-03-19 20:03 EDT,42,103
Washington,Pennsylvania,3,1,0,0%,40.16752,-80.24648,2020-03-19 20:03 EDT,42,125
Beaver,Pennsylvania,2,0,0,0%,40.6964,-80.30196,2020-03-19 20:03 EDT,42,7
York,Pennsylvania,2,0,0,0%,39.91993202,-76.72645287,2020-03-19 20:03 EDT,42,133
Lancaster,Pennsylvania,2,1,0,0%,40.04236245,-76.24767325,2020-03-19 20:03 EDT,42,71
Lackawanna,Pennsylvania,2,1,0,0%,41.43685633,-75.60917996,2020-03-19 20:03 EDT,42,69
Westmoreland,Pennsylvania,2,2,0,0%,40.3107724,-79.46697992,2020-03-19 20:03 EDT,42,129
Wayne,Pennsylvania,1,0,0,0%,41.64878798,-75.30324861,2020-03-19 20:03 EDT,42,127
Lehigh,Pennsylvania,1,0,0,0%,40.61265671,-75.59232058,2020-03-19 20:03 EDT,42,77
Luzerne,Pennsylvania,1,0,0,0%,41.28669,-75.90272,2020-03-19 20:03 EDT,42,79
Berks,Pennsylvania,1,0,0,0%,40.41633729,-75.92604542,2020-03-19 20:03 EDT,42,11
Erie,Pennsylvania,1,0,0,0%,41.99166483,-80.03220618,2020-03-19 20:03 EDT,42,49
Lebanon,Pennsylvania,1,1,0,0%,40.36719795,-76.45774633,2020-03-19 20:03 EDT,42,75
Oakland,Michigan,104,45,1,1%,42.74214,-83.16174,2020-03-19 20:03 EDT,26,125
Wayne,Michigan,23,0,2,8.70%,42.28515,-83.3836,2020-03-19 20:03 EDT,26,163
Macomb,Michigan,20,10,0,0%,42.69565,-82.92171,2020-03-19 20:03 EDT,26,99
Washtenaw,Michigan,14,7,0,0%,42.25322942,-83.83877634,2020-03-19 20:03 EDT,26,161
Ingham,Michigan,5,0,0,0%,42.59709245,-84.37353421,2020-03-19 20:03 EDT,26,65
Kent,Michigan,5,0,0,0%,43.03216204,-85.54929822,2020-03-19 20:03 EDT,26,81
St. Clair,Michigan,2,0,0,0%,42.83189,-82.50221,2020-03-19 20:03 EDT,26,147
Montcalm,Michigan,1,0,0,0%,43.31095473,-85.1525018,2020-03-19 20:03 EDT,26,117
Bay,Michigan,1,0,0,0%,43.70732889,-83.99203709,2020-03-19 20:03 EDT,26,17
Charlevoix,Michigan,1,0,0,0%,45.31653,-85.26072,2020-03-19 20:03 EDT,26,29
Monroe,Michigan,1,0,0,0%,41.91606,-83.3979,2020-03-19 20:03 EDT,26,115
Ottawa,Michigan,1,0,0,0%,42.96071229,-85.99516567,2020-03-19 20:03 EDT,26,139
Leelanau,Michigan,1,0,0,0%,44.93849073,-85.81182341,2020-03-19 20:03 EDT,26,89
Otsego,Michigan,1,0,0,0%,42.4606,-85.6964,2020-03-19 20:03 EDT,26,137
Jackson,Michigan,1,0,0,0%,42.24848235,-84.42344983,2020-03-19 20:03 EDT,26,75
Milwaukee,Wisconsin,47,0,0,0%,43.042,-87.90687,2020-03-19 20:03 EDT,55,79
Dane,Wisconsin,23,0,0,0%,43.2509,-89.51829,2020-03-19 20:03 EDT,55,25
Fond du Lac,Wisconsin,13,0,0,0%,43.77302,-88.44709,2020-03-19 20:03 EDT,55,39
Waukesha,Wisconsin,5,0,0,0%,43.01458,-88.23548,2020-03-19 20:03 EDT,55,133
Winnebago,Wisconsin,5,0,0,0%,44.07516,-88.52522,2020-03-19 20:03 EDT,55,139
Sheboygan,Wisconsin,4,0,0,0%,43.74978,-87.71343,2020-03-19 20:03 EDT,55,117
Kenosha,Wisconsin,4,0,0,0%,42.58808,-87.82326,2020-03-19 20:03 EDT,55,59
La Crosse,Wisconsin,3,1,0,0%,43.81267,-91.25206,2020-03-19 20:03 EDT,55,63
Washington,Wisconsin,2,0,0,0%,43.36846263,-88.23074627,2020-03-19 20:03 EDT,55,131
Brown,Wisconsin,2,0,0,0%,44.45262729,-88.00370915,2020-03-19 20:03 EDT,55,9
Pierce,Wisconsin,1,0,0,0%,44.72273325,-92.42192317,2020-03-19 20:03 EDT,55,93
Racine,Wisconsin,1,0,0,0%,42.72564,-87.78955,2020-03-19 20:03 EDT,55,101
Wood,Wisconsin,1,0,0,0%,44.47523,-90.16062,2020-03-19 20:03 EDT,55,141
Outagamie,Wisconsin,1,0,0,0%,44.41615179,-88.46497822,2020-03-19 20:03 EDT,55,87
Walworth,Wisconsin,1,0,0,0%,42.66860085,-88.54195408,2020-03-19 20:03 EDT,55,127
Ozaukee,Wisconsin,1,0,0,0%,43.38406045,-87.95080924,2020-03-19 20:03 EDT,55,89
Eau Claire,Wisconsin,1,1,0,0%,44.81658,-91.50077,2020-03-19 20:03 EDT,55,35
Bayfield,Wisconsin,1,1,0,0%,46.52358987,-91.200841,2020-03-19 20:03 EDT,55,7
Durham,North Carolina,32,5,0,0%,35.99542,-78.89644,2020-03-19 20:03 EDT,37,63
Mecklenburg,North Carolina,30,17,0,0%,35.24147789,-80.83080552,2020-03-19 20:03 EDT,37,119
Wake,North Carolina,22,0,0,0%,35.79010846,-78.65039764,2020-03-19 20:03 EDT,37,183
Harnett,North Carolina,4,0,0,0%,35.34117,-78.78837,2020-03-19 20:03 EDT,37,85
Chatham,North Carolina,3,0,0,0%,35.70262985,-79.25541576,2020-03-19 20:03 EDT,37,37
Forsyth,North Carolina,2,0,0,0%,36.13053703,-80.25630221,2020-03-19 20:03 EDT,37,67
Johnston,North Carolina,2,0,0,0%,35.51765595,-78.36573857,2020-03-19 20:03 EDT,37,101
Craven,North Carolina,2,1,0,0%,35.11728658,-77.08247035,2020-03-19 20:03 EDT,37,49
Watauga,North Carolina,2,0,0,0%,36.23101355,-81.69645582,2020-03-19 20:03 EDT,37,189
Iredell,North Carolina,2,0,0,0%,35.8311,-80.8987,2020-03-19 20:03 EDT,37,97
Cabarrus,North Carolina,1,0,0,0%,35.2372,-80.5423,2020-03-19 20:03 EDT,37,25
Onslow,North Carolina,1,0,0,0%,34.73346891,-77.42966411,2020-03-19 20:03 EDT,37,133
Wayne,North Carolina,1,0,0,0%,35.36376229,-78.0041603,2020-03-19 20:03 EDT,37,191
Brunswick,North Carolina,1,0,0,0%,34.07059384,-78.23749682,2020-03-19 20:03 EDT,37,19
Wilson,North Carolina,1,0,0,0%,35.72196,-77.91637,2020-03-19 20:03 EDT,37,195
Sampson,North Carolina,1,0,0,0%,34.99160724,-78.37157696,2020-03-19 20:03 EDT,37,163
Guilford,North Carolina,1,0,0,0%,36.07946818,-79.78897008,2020-03-19 20:03 EDT,37,81
Lincoln,North Carolina,1,0,0,0%,35.48576876,-81.23065125,2020-03-19 20:03 EDT,37,109
Gaston,North Carolina,1,0,0,0%,35.29417636,-81.18015484,2020-03-19 20:03 EDT,37,71
New Hanover,North Carolina,1,0,0,0%,34.23292157,-77.88477524,2020-03-19 20:03 EDT,37,129
Union,North Carolina,1,0,0,0%,34.98832565,-80.53074453,2020-03-19 20:03 EDT,37,179
Moore,North Carolina,1,0,0,0%,35.3106825,-79.48131025,2020-03-19 20:03 EDT,37,125
Buncombe,North Carolina,1,0,0,0%,35.61113256,-82.53009394,2020-03-19 20:03 EDT,37,21
Hoke,North Carolina,1,0,0,0%,35.01729402,-79.23716267,2020-03-19 20:03 EDT,37,93
Pitt,North Carolina,1,1,0,0%,35.59351086,-77.37466837,2020-03-19 20:03 EDT,37,147
Davidson,North Carolina,1,1,0,0%,35.79317658,-80.21270474,2020-03-19 20:03 EDT,37,57
Cuyahoga,Ohio,53,15,0,0%,41.42441485,-81.65858169,2020-03-19 20:03 EDT,39,35
Franklin,Ohio,10,3,0,0%,39.96947128,-83.00933072,2020-03-19 20:03 EDT,39,49
Butler,Ohio,8,0,0,0%,39.43863845,-84.57616769,2020-03-19 20:03 EDT,39,17
Summit,Ohio,6,2,0,0%,41.12591572,-81.53218826,2020-03-19 20:03 EDT,39,153
Lorain,Ohio,6,0,0,0%,41.4682,-82.17815,2020-03-19 20:03 EDT,39,93
Stark,Ohio,5,2,0,0%,40.81390964,-81.3656565,2020-03-19 20:03 EDT,39,151
Medina,Ohio,5,1,0,0%,41.14042,-81.86402,2020-03-19 20:03 EDT,39,103
Mahoning,Ohio,5,2,0,0%,41.01464431,-80.77623825,2020-03-19 20:03 EDT,39,99
Trumbull,Ohio,2,0,0,0%,41.31706712,-80.7611827,2020-03-19 20:03 EDT,39,155
Belmont,Ohio,2,0,0,0%,40.02955,-81.03891,2020-03-19 20:03 EDT,39,13
Lake,Ohio,2,0,0,0%,41.69640842,-81.23731889,2020-03-19 20:03 EDT,39,85
Coshocton,Ohio,2,0,0,0%,40.3016178,-81.92001377,2020-03-19 20:03 EDT,39,31
Delaware,Ohio,2,1,0,0%,40.27842038,-83.00497693,2020-03-19 20:03 EDT,39,41
Lucas,Ohio,1,0,0,0%,41.61985841,-83.65977665,2020-03-19 20:03 EDT,39,95
Tuscarawas,Ohio,1,0,0,0%,40.39758,-81.40727,2020-03-19 20:03 EDT,39,157
Geauga,Ohio,1,0,0,0%,41.49954507,-81.17858376,2020-03-19 20:03 EDT,39,55
Darke,Ohio,1,0,0,0%,40.13323815,-84.61936159,2020-03-19 20:03 EDT,39,37
Huron,Ohio,1,0,0,0%,41.14620646,-82.59834972,2020-03-19 20:03 EDT,39,77
Ashland,Ohio,1,0,0,0%,40.84598539,-82.2706822,2020-03-19 20:03 EDT,39,5
Montgomery,Ohio,1,0,0,0%,39.75468776,-84.29097551,2020-03-19 20:03 EDT,39,113
Hamilton,Ohio,1,1,0,0%,39.19604613,-84.54207829,2020-03-19 20:03 EDT,39,61
Clark,Ohio,1,1,0,0%,39.91665401,-83.78374972,2020-03-19 20:03 EDT,39,23
Miami,Ohio,1,1,0,0%,40.05344879,-84.22890719,2020-03-19 20:03 EDT,39,109
Richland,Ohio,1,1,0,0%,40.77469823,-82.53644023,2020-03-19 20:03 EDT,39,139
Montgomery,Maryland,33,2,0,0%,39.13636819,-77.20403165,2020-03-19 20:03 EDT,24,31
Prince George's,Maryland,23,3,1,4.30%,38.82838616,-76.84587073,2020-03-19 20:03 EDT,24,33
Howard,Maryland,16,8,0,0%,39.25112784,-76.9312584,2020-03-19 20:03 EDT,24,27
Baltimore,Maryland,12,2,0,0%,39.29058,-76.60926,2020-03-19 20:03 EDT,24,5
Anne Arundel,Maryland,5,1,0,0%,39.00889701,-76.60328627,2020-03-19 20:03 EDT,24,3
Harford,Maryland,3,0,0,0%,39.55444035,-76.31583955,2020-03-19 20:03 EDT,24,25
Charles,Maryland,2,0,0,0%,38.47410423,-77.01286707,2020-03-19 20:03 EDT,24,17
Carroll,Maryland,2,1,0,0%,39.5629588,-77.02246566,2020-03-19 20:03 EDT,24,13
Talbot,Maryland,1,0,0,0%,38.75926446,-76.11366953,2020-03-19 20:03 EDT,24,41
Frederick,Maryland,1,0,0,0%,39.41574,-77.41203,2020-03-19 20:03 EDT,24,21
Calvert,Maryland,1,1,0,0%,38.54020822,-76.56511395,2020-03-19 20:03 EDT,24,9
Davidson,Tennessee,58,0,0,0%,36.1695608,-86.78475676,2020-03-19 20:03 EDT,47,37
Williamson,Tennessee,24,0,0,0%,35.89382673,-86.89863959,2020-03-19 20:03 EDT,47,187
Shelby,Tennessee,10,6,0,0%,31.95656,-94.31826,2020-03-19 20:03 EDT,47,157
Hamilton,Tennessee,3,0,0,0%,35.17932044,-85.16684143,2020-03-19 20:03 EDT,47,65
Knox,Tennessee,2,0,0,0%,35.9956069,-83.93465204,2020-03-19 20:03 EDT,47,93
Sumner,Tennessee,2,0,0,0%,36.46946208,-86.46033197,2020-03-19 20:03 EDT,47,165
Sullivan,Tennessee,1,0,0,0%,36.51280182,-82.30449503,2020-03-19 20:03 EDT,47,163
Jefferson,Tennessee,1,0,0,0%,36.05717538,-83.45179448,2020-03-19 20:03 EDT,47,89
Rutherford,Tennessee,1,0,0,0%,35.84274327,-86.41675248,2020-03-19 20:03 EDT,47,149
Campbell,Tennessee,1,0,0,0%,36.40345626,-84.14936087,2020-03-19 20:03 EDT,47,13
Sevier,Tennessee,1,0,0,0%,35.78406841,-83.52422241,2020-03-19 20:03 EDT,47,155
Cheatham,Tennessee,1,0,0,0%,36.26137095,-87.08723567,2020-03-19 20:03 EDT,47,21
Robertson,Tennessee,1,0,0,0%,36.52542953,-86.87055295,2020-03-19 20:03 EDT,47,147
Fairfield,Connecticut,69,0,2,2.90%,41.16633,-73.22876,2020-03-19 20:03 EDT,9,1
Hartford,Connecticut,11,0,0,0%,41.76375,-72.67394,2020-03-19 20:03 EDT,9,3
New Haven,Connecticut,10,0,0,0%,41.30801,-72.92432,2020-03-19 20:03 EDT,9,9
Litchfield,Connecticut,5,0,0,0%,41.74626,-73.18895,2020-03-19 20:03 EDT,9,5
Middlesex,Connecticut,1,0,0,0%,41.4630666,-72.53470405,2020-03-19 20:03 EDT,9,7
Tolland,Connecticut,1,0,0,0%,41.85504483,-72.33656749,2020-03-19 20:03 EDT,9,13
Arlington,Virginia,17,3,0,0%,38.8905,-77.08629,2020-03-19 20:03 EDT,51,13
Fairfax,Virginia,16,2,0,0%,38.84179,-77.30887,2020-03-19 20:03 EDT,51,59
James City,Virginia,14,1,1,7.10%,37.31327387,-76.77335259,2020-03-19 20:03 EDT,51,95
Prince William,Virginia,11,7,0,0%,38.7024474,-77.4800235,2020-03-19 20:03 EDT,51,153
Chesterfield,Virginia,6,1,0,0%,37.37756,-77.50817,2020-03-19 20:03 EDT,51,41
Loudoun,Virginia,5,0,0,0%,39.09069908,-77.63564793,2020-03-19 20:03 EDT,51,107
Henrico,Virginia,3,1,0,0%,37.5059,-77.3324,2020-03-19 20:03 EDT,51,87
Stafford,Virginia,2,0,0,0%,38.42346,-77.40816,2020-03-19 20:03 EDT,51,179
Spotsylvania,Virginia,1,0,0,0%,38.20174,-77.58855,2020-03-19 20:03 EDT,51,177
Hanover,Virginia,1,0,0,0%,37.76881,-77.37109,2020-03-19 20:03 EDT,51,85
Prince Edward,Virginia,1,0,0,0%,37.22429738,-78.44105653,2020-03-19 20:03 EDT,51,147
York,Virginia,1,0,1,100%,37.24188617,-76.55913612,2020-03-19 20:03 EDT,51,199
Goochland,Virginia,1,0,0,0%,37.72201887,-77.91622239,2020-03-19 20:03 EDT,51,75
Charles City,Virginia,1,0,0,0%,37.34197,-77.0725,2020-03-19 20:03 EDT,51,36
Hennepin,Minnesota,32,4,0,0%,45.00575776,-93.4749321,2020-03-19 20:03 EDT,27,53
Ramsey,Minnesota,12,0,0,0%,45.01812241,-93.09961678,2020-03-19 20:03 EDT,27,123
Dakota,Minnesota,8,0,0,0%,44.67098069,-93.06667775,2020-03-19 20:03 EDT,27,37
Anoka,Minnesota,6,3,0,0%,45.19833,-93.38997,2020-03-19 20:03 EDT,27,3
Olmsted,Minnesota,6,0,0,0%,44.00379942,-92.40181819,2020-03-19 20:03 EDT,27,109
Carver,Minnesota,3,1,0,0%,44.76325,-93.62524,2020-03-19 20:03 EDT,27,19
Stearns,Minnesota,3,0,0,0%,45.55209682,-94.61375674,2020-03-19 20:03 EDT,27,145
Washington,Minnesota,3,0,0,0%,45.04110113,-92.88337857,2020-03-19 20:03 EDT,27,163
Martin,Minnesota,3,1,0,0%,43.67434914,-94.55104942,2020-03-19 20:03 EDT,27,91
Wright,Minnesota,2,0,0,0%,45.17344199,-93.9635579,2020-03-19 20:03 EDT,27,171
Nicollet,Minnesota,2,0,0,0%,44.34967975,-94.24686405,2020-03-19 20:03 EDT,27,103
Renville,Minnesota,1,0,0,0%,44.78921,-95.21243,2020-03-19 20:03 EDT,27,129
Waseca,Minnesota,1,0,0,0%,44.07804,-93.50742,2020-03-19 20:03 EDT,27,161
Benton,Minnesota,1,0,0,0%,45.7211,-93.9733,2020-03-19 20:03 EDT,27,9
Wadena,Minnesota,1,1,0,0%,46.58569452,-94.96940787,2020-03-19 20:03 EDT,27,159
Mower,Minnesota,1,1,0,0%,43.67148239,-92.75250118,2020-03-19 20:03 EDT,27,99
Rice,Minnesota,1,1,0,0%,44.35426198,-93.29671495,2020-03-19 20:03 EDT,27,131
Scott,Minnesota,1,1,0,0%,44.648511,-93.535747,2020-03-19 20:03 EDT,27,139
Washington,Oregon,25,2,1,4%,45.56005965,-123.098408,2020-03-19 20:03 EDT,41,67
Linn,Oregon,17,2,0,0%,44.4887414,-122.5343983,2020-03-19 20:03 EDT,41,43
Marion,Oregon,13,5,0,0%,44.75045,-122.94052,2020-03-19 20:03 EDT,41,47
Multnomah,Oregon,7,4,1,14.30%,45.46975,-122.70562,2020-03-19 20:03 EDT,41,51
Deschutes,Oregon,6,0,0,0%,44.15924,-121.25967,2020-03-19 20:03 EDT,41,17
Clackamas,Oregon,6,0,0,0%,45.41211,-122.56909,2020-03-19 20:03 EDT,41,5
Jackson,Oregon,2,0,0,0%,42.4321189,-122.7284862,2020-03-19 20:03 EDT,41,29
Umatilla,Oregon,2,0,0,0%,45.91768,-119.34203,2020-03-19 20:03 EDT,41,59
Yamhill,Oregon,2,0,0,0%,45.34037,-123.18787,2020-03-19 20:03 EDT,41,71
Lane,Oregon,2,0,1,50%,43.93873498,-122.8479273,2020-03-19 20:03 EDT,41,39
Klamath,Oregon,1,0,0,0%,42.69219137,-121.6433518,2020-03-19 20:03 EDT,41,35
Douglas,Oregon,1,0,0,0%,43.27977096,-123.1664872,2020-03-19 20:03 EDT,41,19
Polk,Oregon,1,0,0,0%,44.90373452,-123.4127777,2020-03-19 20:03 EDT,41,53
Clark,Nevada,69,0,1,1.40%,36.21709974,-115.0246913,2020-03-19 20:03 EDT,32,3
Washoe,Nevada,14,0,0,0%,40.68696023,-119.665991,2020-03-19 20:03 EDT,32,31
Carson City,Nevada,1,0,0,0%,39.16506,-119.76697,2020-03-19 20:03 EDT,32,510
Jefferson,Alabama,31,6,0,0%,33.55427371,-86.89648912,2020-03-19 20:03 EDT,1,73
Lee,Alabama,10,2,0,0%,32.60103513,-85.35548613,2020-03-19 20:03 EDT,1,81
Shelby,Alabama,8,4,0,0%,33.113,-86.58361,2020-03-19 20:03 EDT,1,117
Elmore,Alabama,5,1,0,0%,32.54165,-86.31093,2020-03-19 20:03 EDT,1,51
Tuscaloosa,Alabama,4,1,0,0%,33.21042,-87.56625,2020-03-19 20:03 EDT,1,125
Montgomery,Alabama,2,0,0,0%,32.38015,-86.30008,2020-03-19 20:03 EDT,1,101
Limestone,Alabama,1,0,0,0%,34.81489201,-86.97728456,2020-03-19 20:03 EDT,1,83
Baldwin,Alabama,1,0,0,0%,30.73589116,-87.72352514,2020-03-19 20:03 EDT,1,3
St. Clair,Alabama,1,0,0,0%,33.653,-86.3377,2020-03-19 20:03 EDT,1,115
Madison,Alabama,1,0,0,0%,34.76311801,-86.55018951,2020-03-19 20:03 EDT,1,89
Calhoun,Alabama,1,0,0,0%,33.77138006,-85.82610844,2020-03-19 20:03 EDT,1,15
Chambers,Alabama,1,0,0,0%,32.91425002,-85.39199738,2020-03-19 20:03 EDT,1,17
Talladega,Alabama,1,1,0,0%,33.38013838,-86.16584527,2020-03-19 20:03 EDT,1,121
Walker,Alabama,1,1,0,0%,33.7422,-87.25376,2020-03-19 20:03 EDT,1,127
Salt Lake,Utah,23,0,0,0%,40.76031,-111.88822,2020-03-19 20:03 EDT,49,35
Summit,Utah,15,0,0,0%,40.86809857,-110.9558464,2020-03-19 20:03 EDT,49,43
Davis,Utah,6,0,0,0%,40.99973617,-111.9800051,2020-03-19 20:03 EDT,49,11
Wasatch,Utah,2,0,0,0%,40.3304771,-111.1683986,2020-03-19 20:03 EDT,49,51
Cache,Utah,2,0,0,0%,41.72244399,-111.7435477,2020-03-19 20:03 EDT,49,5
Tooele,Utah,1,0,0,0%,40.53408,-112.29849,2020-03-19 20:03 EDT,49,45
Utah,Utah,1,0,0,0%,40.11356385,-111.6594534,2020-03-19 20:03 EDT,49,49
Kershaw,South Carolina,25,0,0,0%,34.33892207,-80.59029602,2020-03-19 20:03 EDT,45,55
Beaufort,South Carolina,6,0,0,0%,32.43119,-80.66993,2020-03-19 20:03 EDT,45,13
Horry,South Carolina,5,0,0,0%,33.93188,-79.1347,2020-03-19 20:03 EDT,45,51
Charleston,South Carolina,4,0,0,0%,32.78115,-79.9316,2020-03-19 20:03 EDT,45,19
Lexington,South Carolina,4,0,1,25%,33.98105,-81.23595,2020-03-19 20:03 EDT,45,63
Richland,South Carolina,4,0,0,0%,34.02145286,-80.90134504,2020-03-19 20:03 EDT,45,79
Greenville,South Carolina,3,0,0,0%,34.84827,-82.40011,2020-03-19 20:03 EDT,45,45
Lancaster,South Carolina,2,0,0,0%,34.72096,-80.77112,2020-03-19 20:03 EDT,45,57
Anderson,South Carolina,2,0,0,0%,34.50061,-82.64962,2020-03-19 20:03 EDT,45,7
Spartanburg,South Carolina,1,0,0,0%,34.94838,-81.93494,2020-03-19 20:03 EDT,45,83
Fairfield,South Carolina,1,0,0,0%,34.39518619,-81.12116934,2020-03-19 20:03 EDT,45,39
Calhoun,South Carolina,1,0,0,0%,33.67595941,-80.78363901,2020-03-19 20:03 EDT,45,17
York,South Carolina,1,0,0,0%,34.97475038,-81.18448769,2020-03-19 20:03 EDT,45,91
Lee,South Carolina,1,0,0,0%,34.16328963,-80.25444247,2020-03-19 20:03 EDT,45,61
Marion,Indiana,19,8,1,5.30%,39.78174364,-86.1384149,2020-03-19 20:03 EDT,18,97
Howard,Indiana,5,3,0,0%,40.48359609,-86.11686027,2020-03-19 20:03 EDT,18,67
Hendricks,Indiana,4,0,0,0%,39.483833,-86.068651,2020-03-19 20:03 EDT,18,63
Lake,Indiana,4,1,0,0%,41.4166063,-87.38217401,2020-03-19 20:03 EDT,18,89
Johnson,Indiana,3,0,1,33.30%,39.48998224,-86.10160833,2020-03-19 20:03 EDT,18,81
St. Joseph,Indiana,3,2,0,0%,41.61672009,-86.28991117,2020-03-19 20:03 EDT,18,141
Hamilton,Indiana,2,0,0,0%,40.07251369,-86.05201795,2020-03-19 20:03 EDT,18,57
Franklin,Indiana,2,0,0,0%,39.41487151,-85.06025193,2020-03-19 20:03 EDT,18,47
Noble,Indiana,1,0,0,0%,41.39858246,-85.41743879,2020-03-19 20:03 EDT,18,113
Adams,Indiana,1,0,0,0%,40.74565068,-84.93663421,2020-03-19 20:03 EDT,18,1
Boone,Indiana,1,0,0,0%,40.05074486,-86.46869878,2020-03-19 20:03 EDT,18,11
Wells,Indiana,1,0,0,0%,40.72919489,-85.22121595,2020-03-19 20:03 EDT,18,179
LaPorte,Indiana,1,0,0,0%,41.6106,-86.72252,2020-03-19 20:03 EDT,18,91
Floyd,Indiana,1,0,0,0%,38.3189831,-85.90692978,2020-03-19 20:03 EDT,18,43
Bartholomew,Indiana,1,0,0,0%,39.20594992,-85.8975923,2020-03-19 20:03 EDT,18,5
Clark,Indiana,1,0,0,0%,38.47741675,-85.70747393,2020-03-19 20:03 EDT,18,19
Fayette,Indiana,1,0,0,0%,39.64006518,-85.17871479,2020-03-19 20:03 EDT,18,41
Jennings,Indiana,1,0,0,0%,38.99694082,-85.62804372,2020-03-19 20:03 EDT,18,79
Tippecanoe,Indiana,1,0,0,0%,40.38856752,-86.89409188,2020-03-19 20:03 EDT,18,157
Madison,Indiana,1,1,0,0%,40.16165564,-85.71935843,2020-03-19 20:03 EDT,18,95
Wayne,Indiana,1,1,0,0%,39.86443721,-85.00984284,2020-03-19 20:03 EDT,18,177
Owen,Indiana,1,1,0,0%,39.31272984,-86.8376409,2020-03-19 20:03 EDT,18,119
Cumberland,Maine,25,1,0,0%,43.79028,-70.24612,2020-03-19 20:03 EDT,23,5
Androscoggin,Maine,3,0,0,0%,44.16587609,-70.20645861,2020-03-19 20:03 EDT,23,1
Lincoln,Maine,3,0,0,0%,44.07018534,-69.54387103,2020-03-19 20:03 EDT,23,15
Kennebec,Maine,3,2,0,0%,44.40914805,-69.76727562,2020-03-19 20:03 EDT,23,11
York,Maine,2,0,0,0%,43.47852983,-70.71542947,2020-03-19 20:03 EDT,23,31
Oxford,Maine,1,0,0,0%,44.50009572,-70.75666912,2020-03-19 20:03 EDT,23,17
Penobscot,Maine,1,0,0,0%,45.40051207,-68.64945726,2020-03-19 20:03 EDT,23,19
Hancock,Maine,1,1,0,0%,44.66861141,-68.35812311,2020-03-19 20:03 EDT,23,9
Pearl River,Mississippi,7,3,0,0%,30.7685434,-89.58975736,2020-03-19 20:03 EDT,28,109
Harrison,Mississippi,7,3,0,0%,30.51215635,-89.11668435,2020-03-19 20:03 EDT,28,47
Hinds,Mississippi,6,0,0,0%,32.26676751,-90.4426253,2020-03-19 20:03 EDT,28,49
Forrest,Mississippi,4,1,0,0%,31.18883949,-89.25783485,2020-03-19 20:03 EDT,28,35
Leflore,Mississippi,4,0,0,0%,33.55052797,-90.30106536,2020-03-19 20:03 EDT,28,83
Copiah,Mississippi,2,0,0,0%,31.8693204,-90.44885969,2020-03-19 20:03 EDT,28,29
Hancock,Mississippi,2,0,0,0%,30.4163438,-89.48879815,2020-03-19 20:03 EDT,28,45
Jackson,Mississippi,2,1,0,0%,30.54327789,-88.6359578,2020-03-19 20:03 EDT,28,59
Bolivar,Mississippi,2,0,0,0%,33.79576737,-90.87602886,2020-03-19 20:03 EDT,28,11
Coahoma,Mississippi,2,0,0,0%,34.22735359,-90.59769074,2020-03-19 20:03 EDT,28,27
Monroe,Mississippi,1,0,0,0%,33.89226612,-88.48051389,2020-03-19 20:03 EDT,28,95
Perry,Mississippi,1,0,0,0%,31.17193306,-88.99230846,2020-03-19 20:03 EDT,28,111
Madison,Mississippi,1,0,0,0%,32.63807955,-90.03502697,2020-03-19 20:03 EDT,28,89
Holmes,Mississippi,1,1,0,0%,33.12351878,-90.09205303,2020-03-19 20:03 EDT,28,51
Jones,Mississippi,1,1,0,0%,31.62253561,-89.16873777,2020-03-19 20:03 EDT,28,67
Smith,Mississippi,1,1,0,0%,32.01768129,-89.50668357,2020-03-19 20:03 EDT,28,129
Walthall,Mississippi,1,1,0,0%,31.14842844,-90.10609793,2020-03-19 20:03 EDT,28,147
Wilkinson,Mississippi,1,1,0,0%,31.16041084,-91.30894605,2020-03-19 20:03 EDT,28,157
Winston,Mississippi,1,1,0,0%,33.08842772,-89.03451565,2020-03-19 20:03 EDT,28,159
Yazoo,Mississippi,1,1,0,0%,32.7803204,-90.39643393,2020-03-19 20:03 EDT,28,163
Oklahoma,Oklahoma,18,4,0,0%,35.58268395,-97.50859936,2020-03-19 20:03 EDT,40,109
Cleveland,Oklahoma,9,5,0,0%,35.20309375,-97.32639069,2020-03-19 20:03 EDT,40,27
Tulsa,Oklahoma,5,1,1,20%,36.15011,-95.99352,2020-03-19 20:03 EDT,40,143
Kay,Oklahoma,2,0,0,0%,36.81800612,-97.14387074,2020-03-19 20:03 EDT,40,71
Canadian,Oklahoma,2,0,0,0%,35.54258124,-97.98256476,2020-03-19 20:03 EDT,40,17
Jackson,Oklahoma,1,0,0,0%,34.5866254,-99.41604727,2020-03-19 20:03 EDT,40,65
Payne,Oklahoma,1,0,0,0%,36.07732714,-96.9757817,2020-03-19 20:03 EDT,40,119
Pawnee,Oklahoma,1,0,0,0%,36.31690779,-96.69931207,2020-03-19 20:03 EDT,40,117
Custer,Oklahoma,1,1,0,0%,35.63885752,-99.00153879,2020-03-19 20:03 EDT,40,39
Grady,Oklahoma,1,1,0,0%,35.01711842,-97.88402353,2020-03-19 20:03 EDT,40,51
Logan,Oklahoma,1,1,0,0%,35.91931509,-97.44331471,2020-03-19 20:03 EDT,40,83
McClain,Oklahoma,1,1,0,0%,35.0093484,-97.44417349,2020-03-19 20:03 EDT,40,87
Washington,Oklahoma,1,1,0,0%,36.71524586,-95.90436644,2020-03-19 20:03 EDT,40,147
Jefferson,Arkansas,3,0,0,0%,34.37911,-92.16608,2020-03-19 20:03 EDT,5,69
Washington,Arkansas,1,0,0,0%,35.97848657,-94.21608058,2020-03-19 20:03 EDT,5,143
Maricopa,Arizona,22,11,0,0%,33.3488247,-112.4912788,2020-03-19 20:03 EDT,4,13
Pinal,Arizona,10,2,0,0%,32.90431973,-111.3447647,2020-03-19 20:03 EDT,4,21
Pima,Arizona,7,2,0,0%,32.09727123,-111.7897671,2020-03-19 20:03 EDT,4,19
Navajo,Arizona,3,0,0,0%,35.39955057,-110.3213878,2020-03-19 20:03 EDT,4,17
Graham,Arizona,1,0,0,0%,32.87449,-109.74198,2020-03-19 20:03 EDT,4,9
Coconino,Arizona,1,0,0,0%,35.83777098,-111.7708262,2020-03-19 20:03 EDT,4,5
Providence,Rhode Island,44,11,0,0%,41.82387,-71.41199,2020-03-19 20:03 EDT,44,7
Rockingham,New Hampshire,17,0,0,0%,43.04954,-70.93216,2020-03-19 20:03 EDT,33,15
Hillsborough,New Hampshire,8,0,0,0%,43.1443,-71.93272,2020-03-19 20:03 EDT,33,11
Grafton,New Hampshire,7,0,0,0%,43.56212,-71.95114,2020-03-19 20:03 EDT,33,9
Carroll,New Hampshire,4,0,0,0%,44.2977,-71.5428,2020-03-19 20:03 EDT,33,3
Merrimack,New Hampshire,1,0,0,0%,43.29765353,-71.680181,2020-03-19 20:03 EDT,33,13
Johnson,Iowa,21,0,0,0%,41.67149574,-91.58805417,2020-03-19 20:03 EDT,19,103
Dallas,Iowa,5,0,0,0%,41.68481683,-94.03976204,2020-03-19 20:03 EDT,19,49
Polk,Iowa,3,0,0,0%,41.68541161,-93.57344237,2020-03-19 20:03 EDT,19,153
Allamakee,Iowa,2,0,0,0%,43.28531816,-91.3847131,2020-03-19 20:03 EDT,19,5
Pottawattamie,Iowa,1,0,0,0%,41.33665838,-95.54141965,2020-03-19 20:03 EDT,19,155
Carroll,Iowa,1,0,0,0%,42.06585,-94.86793,2020-03-19 20:03 EDT,19,27
Harrison,Iowa,1,0,0,0%,41.683014,-95.81552401,2020-03-19 20:03 EDT,19,85
Adair,Iowa,1,0,0,0%,41.33074348,-94.47094644,2020-03-19 20:03 EDT,19,1
Black Hawk,Iowa,1,0,0,0%,42.4478,-92.3814,2020-03-19 20:03 EDT,19,13
Scott,Iowa,1,0,0,0%,41.63840205,-90.62636833,2020-03-19 20:03 EDT,19,163
Washington,Iowa,1,0,0,0%,41.33558131,-91.71785751,2020-03-19 20:03 EDT,19,183
Winneshiek,Iowa,1,0,0,0%,43.29067088,-91.84366779,2020-03-19 20:03 EDT,19,191
Fayette,Kentucky,8,0,0,0%,38.04227216,-84.45868673,2020-03-19 20:03 EDT,21,67
Jefferson,Kentucky,8,0,0,0%,38.18589024,-85.65499484,2020-03-19 20:03 EDT,21,111
Harrison,Kentucky,6,0,0,0%,38.44174035,-84.33140447,2020-03-19 20:03 EDT,21,97
Montgomery,Kentucky,2,0,0,0%,38.03347158,-83.9130299,2020-03-19 20:03 EDT,21,173
Nelson,Kentucky,1,0,0,0%,37.80507638,-85.46597155,2020-03-19 20:03 EDT,21,179
Clark,Kentucky,1,0,0,0%,37.97082287,-84.14733588,2020-03-19 20:03 EDT,21,49
Bourbon,Kentucky,1,0,1,100%,38.20667946,-84.21713594,2020-03-19 20:03 EDT,21,17
Lyon,Kentucky,1,0,0,0%,37.0261669,-88.07899509,2020-03-19 20:03 EDT,21,143
Kenton,Kentucky,1,0,0,0%,38.93194372,-84.53299767,2020-03-19 20:03 EDT,21,117
Daviess,Kentucky,1,1,0,0%,37.72855557,-87.0861258,2020-03-19 20:03 EDT,21,59
Henderson,Kentucky,1,1,0,0%,37.79045907,-87.57002718,2020-03-19 20:03 EDT,21,101
Johnson,Kansas,16,4,0,0%,38.88377293,-94.82222518,2020-03-19 20:03 EDT,20,91
Wyandotte,Kansas,8,4,1,12.50%,39.11407013,-94.76524274,2020-03-19 20:03 EDT,20,209
Leavenworth,Kansas,2,0,0,0%,39.19872397,-95.03852507,2020-03-19 20:03 EDT,20,103
Butler,Kansas,1,0,0,0%,37.78128093,-96.83903083,2020-03-19 20:03 EDT,20,15
Franklin,Kansas,1,0,0,0%,38.56451748,-95.28594053,2020-03-19 20:03 EDT,20,59
Douglas,Kansas,1,0,0,0%,38.88462907,-95.29255463,2020-03-19 20:03 EDT,20,45
Cherokee,Kansas,1,1,0,0%,37.16926692,-94.84626758,2020-03-19 20:03 EDT,20,21
Jackson,Kansas,1,1,0,0%,39.41680272,-95.7936744,2020-03-19 20:03 EDT,20,85
Linn,Kansas,1,1,0,0%,38.21227461,-94.84295891,2020-03-19 20:03 EDT,20,107
Ford,Kansas,0,0,0,NaN%,37.69171326,-99.88798241,2020-03-19 20:03 EDT,20,57
St. Louis,Missouri,8,3,0,0%,38.62775,-90.19956,2020-03-19 20:03 EDT,29,189
Greene,Missouri,6,2,0,0%,37.25804025,-93.34201853,2020-03-19 20:03 EDT,29,77
Jackson,Missouri,3,0,0,0%,39.00756985,-94.34626921,2020-03-19 20:03 EDT,29,95
Cass,Missouri,2,0,0,0%,38.64693149,-94.35479308,2020-03-19 20:03 EDT,29,37
Christian,Missouri,2,2,0,0%,36.9695461,-93.18880105,2020-03-19 20:03 EDT,29,43
Henry,Missouri,1,0,0,0%,38.38842154,-93.79668046,2020-03-19 20:03 EDT,29,83
Cole,Missouri,1,0,0,0%,38.50476968,-92.28023836,2020-03-19 20:03 EDT,29,51
Boone,Missouri,1,0,1,100%,38.99174396,-92.30916735,2020-03-19 20:03 EDT,29,19
St. Charles,Missouri,1,0,0,0%,38.78394,-90.48123,2020-03-19 20:03 EDT,29,183
Douglas,Nebraska,23,0,0,0%,41.29535164,-96.1553341,2020-03-19 20:03 EDT,31,55
Knox,Nebraska,2,0,0,0%,42.63165456,-97.89463638,2020-03-19 20:03 EDT,31,107
Cass,Nebraska,1,0,0,0%,40.90975787,-96.14136094,2020-03-19 20:03 EDT,31,25
Sarpy,Nebraska,1,0,0,0%,41.11286262,-96.1134336,2020-03-19 20:03 EDT,31,153
Lincoln,Nebraska,1,0,0,0%,41.04778534,-100.7451548,2020-03-19 20:03 EDT,31,111
Adams,Nebraska,1,0,0,0%,40.52445442,-98.50120204,2020-03-19 20:03 EDT,31,1
Bernalillo,New Mexico,16,0,0,0%,35.05128463,-106.6703125,2020-03-19 20:03 EDT,35,1
Santa Fe,New Mexico,5,0,0,0%,35.69168,-105.93796,2020-03-19 20:03 EDT,35,49
Sandoval,New Mexico,4,0,0,0%,35.68878872,-106.8666133,2020-03-19 20:03 EDT,35,43
Socorro,New Mexico,2,0,0,0%,34.06014,-106.89187,2020-03-19 20:03 EDT,35,53
Taos,New Mexico,1,0,0,0%,36.57785635,-105.6310357,2020-03-19 20:03 EDT,35,55
New Castle,Delaware,17,0,0,0%,39.65977,-75.56394,2020-03-19 20:03 EDT,10,3
Sussex,Delaware,1,0,0,0%,38.66201719,-75.39879573,2020-03-19 20:03 EDT,10,5
Kent,Delaware,1,0,0,0%,39.08881449,-75.56713028,2020-03-19 20:03 EDT,10,1
Chittenden,Vermont,4,0,0,0%,44.45799511,-73.05404973,2020-03-19 20:03 EDT,50,7
Bennington,Vermont,3,0,0,0%,42.87672,-73.19818,2020-03-19 20:03 EDT,50,3
Windsor,Vermont,3,0,0,0%,43.48115,-72.38581,2020-03-19 20:03 EDT,50,27
Washington,Vermont,1,0,0,0%,44.27344561,-72.61485925,2020-03-19 20:03 EDT,50,23
Orange,Vermont,1,0,0,0%,44.14854,-72.40233,2020-03-19 20:03 EDT,50,17
Addison,Vermont,1,0,0,0%,44.0280736,-73.13152876,2020-03-19 20:03 EDT,50,1
Fremont,Wyoming,8,0,0,0%,43.04051864,-108.6304974,2020-03-19 20:03 EDT,56,13
Sheridan,Wyoming,4,0,0,0%,44.79792,-106.95587,2020-03-19 20:03 EDT,56,33
Laramie,Wyoming,4,0,0,0%,41.30696127,-104.6895498,2020-03-19 20:03 EDT,56,21
Park,Wyoming,1,0,0,0%,44.52055108,-109.5884635,2020-03-19 20:03 EDT,56,29
Teton,Wyoming,1,0,0,0%,43.91885107,-110.5962596,2020-03-19 20:03 EDT,56,39
Honolulu,Hawaii,10,0,0,0%,21.30493,-157.85788,2020-03-19 20:03 EDT,15,3
Maui,Hawaii,3,0,0,0%,20.85953512,-156.5646068,2020-03-19 20:03 EDT,15,9
Kauai,Hawaii,2,0,0,0%,22.0825024,-159.7275965,2020-03-19 20:03 EDT,15,7
Burleigh,North Dakota,9,7,0,0%,46.97801044,-100.4669442,2020-03-19 20:03 EDT,38,15
Morton,North Dakota,3,1,0,0%,46.71678116,-101.2857052,2020-03-19 20:03 EDT,38,59
Ward,North Dakota,2,0,0,0%,48.22168092,-101.5418179,2020-03-19 20:03 EDT,38,101
Cass,North Dakota,1,0,0,0%,46.93296954,-97.24812121,2020-03-19 20:03 EDT,38,17
Guam,Guam,12,4,0,0%,13.52808,144.85503,2020-03-19 20:03 EDT,66,10
Minnehaha,South Dakota,5,0,0,0%,43.67417757,-96.79142458,2020-03-19 20:03 EDT,46,99
Pennington,South Dakota,1,0,1,100%,44.003745,-102.8239008,2020-03-19 20:03 EDT,46,103
Beadle,South Dakota,1,0,0,0%,44.41448462,-98.27810992,2020-03-19 20:03 EDT,46,5
Charles Mix,South Dakota,1,0,0,0%,43.20747461,-98.57667036,2020-03-19 20:03 EDT,46,23
Davison,South Dakota,1,0,0,0%,43.67472829,-98.14595897,2020-03-19 20:03 EDT,46,35
Bon Homme,South Dakota,1,0,0,0%,42.99336042,-97.88666966,2020-03-19 20:03 EDT,46,9
McCook,South Dakota,1,0,0,0%,43.67430648,-97.3684216,2020-03-19 20:03 EDT,46,87
Gallatin,Montana,3,0,0,0%,45.54045182,-111.1704109,2020-03-19 20:03 EDT,30,31
Missoula,Montana,3,0,0,0%,46.87278,-113.99625,2020-03-19 20:03 EDT,30,63
Yellowstone,Montana,2,0,0,0%,45.93711629,-108.2743481,2020-03-19 20:03 EDT,30,111
Silver Bow,Montana,1,0,0,0%,45.99544,-112.65661,2020-03-19 20:03 EDT,30,93
Broadwater,Montana,1,0,0,0%,46.2694,-111.452,2020-03-19 20:03 EDT,30,7
Blaine,Idaho,5,0,0,0%,43.41233465,-113.9798058,2020-03-19 20:03 EDT,16,13
Ada,Idaho,3,0,0,0%,43.45105691,-116.2411338,2020-03-19 20:03 EDT,16,1
Teton,Idaho,1,0,0,0%,43.75945168,-111.2076444,2020-03-19 20:03 EDT,16,81
Madison,Idaho,1,0,0,0%,43.78418564,-111.6591909,2020-03-19 20:03 EDT,16,65
Twin Falls,Idaho,1,0,0,0%,42.55619,-114.4696,2020-03-19 20:03 EDT,16,83
Anchorage,Alaska,4,0,0,0%,61.21753,-149.85825,2020-03-19 20:03 EDT,2,20
Fairbanks North Star,Alaska,3,0,0,0%,64.80850665,-146.5634812,2020-03-19 20:03 EDT,2,90
Ketchikan Gateway,Alaska,1,0,0,0%,55.00186527,-130.54977,2020-03-19 20:03 EDT,2,130
Jefferson,West Virginia,1,0,0,0%,39.30769274,-77.86269441,2020-03-19 20:03 EDT,54,37
Mercer,West Virginia,1,0,0,0%,37.40556515,-81.11143231,2020-03-19 20:03 EDT,54,55
Morris,Kansas,2,2,0,0%,38.68744149,-96.64975833,2020-03-19 20:03 EDT,20,127
Benton-Franklin,Washington,2,0,1,50%,38.55378,-91.00092,2020-03-19 20:03 EDT,53,
Dade,Florida,86,9,0,0%,25.77885375,-80.17996506,2020-03-19 20:03 EDT,12,
Unassign,Colorado,3,0,0,0%,29.62086756,-96.52629252,2020-03-19 20:03 EDT,8,
Unassign,Pennsylvania,0,0,0,NaN%,40.15663516,-74.85652586,2020-03-19 20:03 EDT,42,
Baltimore City,Maryland,8,4,0,0%,39.30194126,-76.61111168,2020-03-19 20:03 EDT,24,510
Virginia Beach City,Virginia,4,0,0,0%,36.74817867,-76.0574891,2020-03-19 20:03 EDT,51,810
Alexandria City,Virginia,4,2,0,0%,38.81838615,-77.08622964,2020-03-19 20:03 EDT,51,510
Richmond City,Virginia,3,0,0,0%,37.52950871,-77.47573291,2020-03-19 20:03 EDT,51,760
Harrisonburg,Virginia,1,0,0,0%,38.45163,-78.8697,2020-03-19 20:03 EDT,51,
Charlottesville City,Virginia,1,0,0,0%,38.03731327,-78.48702109,2020-03-19 20:03 EDT,51,540
Williamsburg,Virginia,1,0,0,0%,37.26927,-76.70756,2020-03-19 20:03 EDT,51,
Lynchburg,Virginia,1,0,0,0%,37.40040903,-79.19097922,2020-03-19 20:03 EDT,51,
Norfolk,Virginia,1,0,0,0%,36.89279963,-76.26098429,2020-03-19 20:03 EDT,51,
Blue earth,Minnesota,2,0,0,0%,43.9505,-93.9878,2020-03-19 20:03 EDT,27,13
Benton,Oregon,3,0,0,0%,44.4918359,-123.4292918,2020-03-19 20:03 EDT,41,
Non-Utah resident,Utah,10,0,0,0%,39.32372519,-111.6782484,2020-03-19 20:03 EDT,49,
Weber-Morgan,Utah,4,0,0,0%,41.2245943,-111.9703114,2020-03-19 20:03 EDT,49,57
Southwest Utah,Utah,1,0,0,0%,37.00357734,-112.9680908,2020-03-19 20:03 EDT,49,
Bear River,Utah,1,0,0,0%,41.45827,-112.29023,2020-03-19 20:03 EDT,49,3
Desoto,Mississippi,2,1,0,0%,34.87494026,-89.98882209,2020-03-19 20:03 EDT,28,33
Out-of-State,Oklahoma,2,0,0,0%,35.56726285,-97.28636389,2020-03-19 20:03 EDT,40,
Washington,District of Columbia,40,0,0,0%,38.89037,-77.03196,2020-03-19 20:03 EDT,11,1
Berknap,New Hampshire,2,0,0,0%,43.50919599,-71.43072444,2020-03-19 20:03 EDT,33,
St. Louis City,Missouri,3,0,0,0%,38.63399182,-90.24789799,2020-03-19 20:03 EDT,29,510
Kansas City,Missouri,2,0,0,0%,39.10344,-94.58311,2020-03-19 20:03 EDT,29,
Hawaii Island,Hawaii,1,0,0,0%,19.50056,-155.50056,2020-03-19 20:03 EDT,15,1
Seward,Alaska,1,0,0,0%,60.11235,-149.44294,2020-03-19 20:03 EDT,2,
Puerto Rico,Puerto Rico,5,0,0,0%,18.2226065,-66.46895343,2020-03-19 20:03 EDT,72,
Unassigned,New York,18,18,4,22.20%,42.165726,-74.948051,2020-03-19 20:03 EDT,36,
Unassigned,Washington,164,0,0,0%,47.400902,-121.490494,2020-03-19 20:03 EDT,53,
Unassigned,New Jersey,344,316,0,0%,40.298904,-74.521011,2020-03-19 20:03 EDT,34,
Unassigned,Louisiana,3,3,0,0%,31.169546,-91.867805,2020-03-19 20:03 EDT,22,
Unknown,Illinois,16,0,0,0%,40.349457,-88.986137,2020-03-19 20:03 EDT,17,
Unassigned,Georgia,6,6,7,116.70%,33.040619,-83.643074,2020-03-19 20:03 EDT,13,
Unknown,Massachusetts,4,0,0,0%,42.230171,-71.530106,2020-03-19 20:03 EDT,25,
Unassigned,Wisconsin,1,0,0,0%,44.268543,-89.616508,2020-03-19 20:03 EDT,55,
Unassigned,North Carolina,4,4,0,0%,35.630066,-79.806419,2020-03-19 20:03 EDT,37,
Unassigned,Virginia,0,0,0,NaN%,37.769337,-78.169968,2020-03-19 20:03 EDT,51,
Unassigned,Maine,13,6,0,0%,44.693947,-69.381927,2020-03-19 20:03 EDT,23,
Unassigned,Arkansas,42,9,0,0%,34.969704,-92.373123,2020-03-19 20:03 EDT,5,
Unassigned,Kentucky,6,0,0,0%,37.66814,-84.670067,2020-03-19 20:03 EDT,21,
Unassigned,Missouri,1,0,0,0%,38.456085,-92.288368,2020-03-19 20:03 EDT,29,
Unassigned,Delaware,7,0,0,0%,39.318523,-75.507141,2020-03-19 20:03 EDT,10,
Unassigned,Vermont,9,3,0,0%,44.045876,-72.710686,2020-03-19 20:03 EDT,50,
Unassigned,Montana,1,0,0,0%,46.921925,-110.454353,2020-03-19 20:03 EDT,30,
Unassigned,US Virgin Islands,3,1,0,0%,17.752625,-64.73542,2020-03-19 20:03 EDT,78,
Unknow,Wisconsin,38,38,0,0%,43.32557325,-87.98494099,2020-03-19 20:03 EDT,55,