County Name,State Name,Confirmed,New,Death,Fatality Rate,Latitude,Longitude,Last Update,STATEFP,COUNTYFP,Population Estimate 2018 (Ths.),Infection Rate
New York,New York,5151,1197,29,0.6%,40.71455,-74.00714,2020-03-20 18:58 EDT,36,061,68.02,75.72772713907675
Westchester,New York,1091,293,0,0%,41.16319759,-73.7560629,2020-03-20 18:58 EDT,36,119,27.97,39.0060779406507
Nassau,New York,754,382,4,0.5%,40.74165225,-73.58899619,2020-03-20 18:58 EDT,36,059,20.48,36.81640625
Suffolk,New York,371,132,3,0.8%,40.87732808,-72.85898036,2020-03-20 18:58 EDT,36,103,29.24,12.688098495212039
Rockland,New York,101,48,1,1%,41.152374,-74.02401032,2020-03-20 18:58 EDT,36,087,6.95,14.532374100719425
Orange,New York,84,33,0,0%,41.40206825,-74.30559567,2020-03-20 18:58 EDT,36,071,11.27,7.453416149068323
Albany,New York,70,27,0,0%,42.65155,-73.75520999999998,2020-03-20 18:58 EDT,36,001,17.58,3.9817974971558594
Dutchess,New York,36,5,0,0%,41.76477515,-73.74281684,2020-03-20 18:58 EDT,36,027,19.66,1.8311291963377416
Monroe,New York,34,4,1,2.9%,43.14604282,-77.69674911,2020-03-20 18:58 EDT,36,055,25.92,1.3117283950617282
Erie,New York,31,3,0,0%,42.76382119,-78.73224973,2020-03-20 18:58 EDT,36,029,27.67,1.120346946151066
Saratoga,New York,21,0,0,0%,43.06974,-73.63661,2020-03-20 18:58 EDT,36,091,3.4,6.176470588235294
Schenectady,New York,14,0,0,0%,42.81238,-73.94122,2020-03-20 18:58 EDT,36,093,4.58,3.056768558951965
Onondaga,New York,13,6,0,0%,43.00487,-76.1836,2020-03-20 18:58 EDT,36,067,17.03,0.7633587786259541
Putnam,New York,12,7,0,0%,41.42653455,-73.7494999,2020-03-20 18:58 EDT,36,079,2.58,4.651162790697675
Tompkins,New York,11,5,0,0%,42.44933495,-76.47064359,2020-03-20 18:58 EDT,36,109,13.09,0.8403361344537815
Ulster,New York,9,0,0,0%,41.95986,-73.99033,2020-03-20 18:58 EDT,36,111,11.82,0.7614213197969543
Rensselaer,New York,8,2,0,0%,42.71086263,-73.5097379,2020-03-20 18:58 EDT,36,083,5.87,1.362862010221465
Niagara,New York,4,0,0,0%,43.19998147,-78.74522262,2020-03-20 18:58 EDT,36,063,3.99,1.0025062656641603
Greene,New York,2,0,0,0%,42.27654571,-74.12261588,2020-03-20 18:58 EDT,36,039,3.21,0.6230529595015576
Montgomery,New York,2,0,0,0%,42.90229179999999,-74.43960085,2020-03-20 18:58 EDT,36,057,0.92,2.1739130434782608
Allegany,New York,2,0,0,0%,42.25739788,-78.02755444,2020-03-20 18:58 EDT,36,003,4.27,0.468384074941452
Clinton,New York,2,0,0,0%,44.7904,-73.6006,2020-03-20 18:58 EDT,36,019,6.64,0.30120481927710846
Oneida,New York,2,0,0,0%,43.24306498,-75.42583597,2020-03-20 18:58 EDT,36,065,13.15,0.1520912547528517
Wyoming,New York,2,0,0,0%,42.70242659,-78.22443261,2020-03-20 18:58 EDT,36,121,3.42,0.5847953216374269
Schoharie,New York,2,0,0,0%,42.58820746,-74.44213588,2020-03-20 18:58 EDT,36,095,1.27,1.574803149606299
Steuben,New York,2,2,0,0%,42.26782685000006,-77.38382595599995,2020-03-20 18:58 EDT,36,101,1.84,1.0869565217391304
Delaware,New York,1,0,0,0%,42.19804334,-74.96635196,2020-03-20 18:58 EDT,36,025,2.41,0.41493775933609955
Herkimer,New York,1,0,0,0%,43.0259,-74.98433,2020-03-20 18:58 EDT,36,043,1.4,0.7142857142857143
Broome,New York,1,0,0,0%,42.16021802,-75.81964586,2020-03-20 18:58 EDT,36,007,10.92,0.09157509157509157
Tioga,New York,1,0,0,0%,42.06057,-76.34519,2020-03-20 18:58 EDT,36,107,0.52,1.923076923076923
Ontario,New York,1,0,0,0%,42.85288942,-77.29981098,2020-03-20 18:58 EDT,36,069,3.24,0.30864197530864196
Essex,New York,1,0,0,0%,44.10755697,-73.79125847,2020-03-20 18:58 EDT,36,031,2.1,0.47619047619047616
Sullivan,New York,1,0,0,0%,41.71631354,-74.76811083,2020-03-20 18:58 EDT,36,105,3.79,0.2638522427440633
Genesee,New York,1,0,0,0%,43.00094016,-78.1936949,2020-03-20 18:58 EDT,36,037,1.95,0.5128205128205129
Warren,New York,1,0,0,0%,43.5592099,-73.85881158,2020-03-20 18:58 EDT,36,113,0.64,1.5625
Washington,New York,1,0,0,0%,43.31227113,-73.43096234,2020-03-20 18:58 EDT,36,115,3.07,0.32573289902280134
Hamilton,New York,1,0,0,0%,43.66130373,-74.49733573,2020-03-20 18:58 EDT,36,041,0.08,12.5
Chenango,New York,1,0,0,0%,42.49349443,-75.61153709999998,2020-03-20 18:58 EDT,36,017,0.75,1.3333333333333333
Wayne,New York,1,0,0,0%,40.85156000000006,-93.25526999999994,2020-03-20 18:58 EDT,36,117,1.08,0.9259259259259258
Columbia,New York,1,1,0,0%,42.250010778000046,-73.63186134099993,2020-03-20 18:58 EDT,36,021,1.96,0.5102040816326531
King,Washington,793,100,67,8.4%,47.49011813,-121.8043324,2020-03-20 18:58 EDT,53,033,38.77,20.453959246840338
Snohomish,Washington,385,37,8,2.1%,47.9124,-122.09306,2020-03-20 18:58 EDT,53,061,9.98,38.57715430861723
Pierce,Washington,83,8,1,1.2%,47.02270813,-122.1014408,2020-03-20 18:58 EDT,53,053,17.44,4.759174311926605
Skagit,Washington,24,6,0,0%,48.47933023,-121.7280802,2020-03-20 18:58 EDT,53,057,1.63,14.723926380368098
Island,Washington,19,2,1,5.3%,48.19160936,-122.6650075,2020-03-20 18:58 EDT,53,029,1.94,9.793814432989691
Kitsap,Washington,12,0,0,0%,47.47496219,-122.6085325,2020-03-20 18:58 EDT,53,035,9.3,1.2903225806451613
Spokane,Washington,11,2,0,0%,47.65726,-117.41228,2020-03-20 18:58 EDT,53,063,14.28,0.7703081232492998
Whatcom,Washington,10,3,0,0%,48.82559702,-121.7174182,2020-03-20 18:58 EDT,53,073,5.72,1.7482517482517483
Grant,Washington,8,0,1,12.5%,47.19885794,-119.4525987,2020-03-20 18:58 EDT,53,025,1.23,6.504065040650406
Thurston,Washington,8,2,0,0%,46.91980578,-122.82986909999998,2020-03-20 18:58 EDT,53,067,4.1,1.9512195121951221
Yakima,Washington,7,0,0,0%,46.60448,-120.50721,2020-03-20 18:58 EDT,53,077,3.51,1.9943019943019944
Clark,Washington,6,2,3,50%,45.78187331,-122.4812785,2020-03-20 18:58 EDT,53,011,3.43,1.749271137026239
Jefferson,Washington,4,0,0,0%,47.74810608,-123.6000095,2020-03-20 18:58 EDT,53,031,0.63,6.349206349206349
Kittitas,Washington,4,0,0,0%,46.98472,-120.41752,2020-03-20 18:58 EDT,53,037,2.62,1.5267175572519083
Chelan,Washington,2,0,0,0%,47.86707169,-120.6252677,2020-03-20 18:58 EDT,53,007,0.93,2.150537634408602
Klickitat,Washington,2,0,0,0%,45.87640914,-120.79203970000002,2020-03-20 18:58 EDT,53,039,0.2,10.0
Franklin,Washington,2,0,0,0%,38.55378,-91.00092,2020-03-20 18:58 EDT,53,021,2.9,0.6896551724137931
Benton,Washington,2,1,1,50%,46.24470273100008,-119.51478005999996,2020-03-20 18:58 EDT,53,005,1.42,1.4084507042253522
Grays Harbor,Washington,1,0,0,0%,47.15055235,-123.7737432,2020-03-20 18:58 EDT,53,027,2.7,0.37037037037037035
Columbia,Washington,1,0,0,0%,46.29757684,-117.9078634,2020-03-20 18:58 EDT,53,013,0.08,12.5
Lincoln,Washington,1,0,0,0%,47.57305061,-118.4177041,2020-03-20 18:58 EDT,53,043,0.09,11.11111111111111
Cowlitz,Washington,1,0,0,0%,46.19454048,-122.6783272,2020-03-20 18:58 EDT,53,015,1.21,0.8264462809917356
Lewis,Washington,1,0,0,0%,46.57779491,-122.3929158,2020-03-20 18:58 EDT,53,041,0.94,1.0638297872340425
Mason,Washington,1,0,0,0%,38.61504,-83.80988,2020-03-20 18:58 EDT,53,045,2.79,0.35842293906810035
Los Angeles,California,292,61,2,0.7%,34.053490000000004,-118.24532,2020-03-20 18:58 EDT,06,037,178.33,1.6374137834352043
Santa Clara,California,196,7,6,3.1%,37.35579,-121.95508999999998,2020-03-20 18:58 EDT,06,085,30.98,6.326662362814719
San Diego,California,101,0,0,0%,32.71568,-117.16171,2020-03-20 18:58 EDT,06,073,108.14,0.9339744775291289
San Mateo,California,100,11,1,1%,37.54704,-122.31485,2020-03-20 18:58 EDT,06,081,8.82,11.337868480725623
San Francisco,California,76,6,0,0%,37.77712,-122.41964,2020-03-20 18:58 EDT,06,075,24.24,3.1353135313531357
Orange,California,65,12,0,0%,33.78787,-117.85071,2020-03-20 18:58 EDT,06,059,44.93,1.4466948586690407
Sacramento,California,53,8,3,5.7%,38.57944000000001,-121.49085,2020-03-20 18:58 EDT,06,067,22.16,2.391696750902527
Alameda,California,48,10,0,0%,37.76683,-122.2453,2020-03-20 18:58 EDT,06,001,36.42,1.3179571663920921
Contra Costa,California,41,0,0,0%,37.91793732,-121.9259354,2020-03-20 18:58 EDT,06,013,10.61,3.8642789820923658
Marin,California,25,0,0,0%,38.07188727,-122.7195348,2020-03-20 18:58 EDT,06,041,8.22,3.041362530413625
Riverside,California,22,0,4,18.2%,33.98171,-117.37404,2020-03-20 18:58 EDT,06,065,33.32,0.6602641056422569
San Joaquin,California,17,0,2,11.8%,37.93479557,-121.2713112,2020-03-20 18:58 EDT,06,077,15.02,1.1318242343541944
Ventura,California,17,0,0,0%,34.28082,-119.29232,2020-03-20 18:58 EDT,06,111,11.37,1.4951627088830257
Santa Cruz,California,15,1,0,0%,36.97424,-122.03098,2020-03-20 18:58 EDT,06,087,14.05,1.0676156583629892
San Luis Obispo,California,13,0,0,0%,35.28579000000001,-120.66275,2020-03-20 18:58 EDT,06,079,16.23,0.8009858287122612
Placer,California,9,0,1,11.1%,39.05913563,-120.7536328,2020-03-20 18:58 EDT,06,061,3.96,2.272727272727273
Santa Barbara,California,9,1,0,0%,34.41938,-119.69905,2020-03-20 18:58 EDT,06,083,19.63,0.45848191543555783
Solano,California,8,0,0,0%,38.27793363,-121.9272405,2020-03-20 18:58 EDT,06,095,11.4,0.7017543859649122
Tulare,California,7,0,0,0%,36.20649,-119.34305,2020-03-20 18:58 EDT,06,107,5.05,1.3861386138613863
Sonoma,California,7,0,0,0%,38.29188,-122.45728,2020-03-20 18:58 EDT,06,097,10.92,0.6410256410256411
Fresno,California,6,3,0,0%,36.74084000000001,-119.78552,2020-03-20 18:58 EDT,06,019,16.96,0.35377358490566035
San Benito,California,5,0,1,20%,36.50506,-121.08332,2020-03-20 18:58 EDT,06,069,0.29,17.24137931034483
Yolo,California,5,0,0,0%,38.73431,-121.81279,2020-03-20 18:58 EDT,06,113,10.17,0.4916420845624386
Stanislaus,California,5,0,0,0%,37.55932622,-120.9976619,2020-03-20 18:58 EDT,06,099,6.46,0.7739938080495357
San Bernardino,California,5,0,0,0%,34.10524,-117.29412,2020-03-20 18:58 EDT,06,071,37.61,0.1329433661260303
Monterey,California,5,1,0,0%,36.21714603,-121.2390196,2020-03-20 18:58 EDT,06,053,18.09,0.2763957987838585
Imperial,California,4,0,0,0%,32.84748,-115.56952,2020-03-20 18:58 EDT,06,025,9.05,0.4419889502762431
Kern,California,4,0,0,0%,35.34281638,-118.7299395,2020-03-20 18:58 EDT,06,029,32.38,0.12353304508956145
Madera,California,3,0,0,0%,36.96205,-120.06399,2020-03-20 18:58 EDT,06,039,7.91,0.37926675094816686
Calaveras,California,2,0,0,0%,38.20473567,-120.5540655,2020-03-20 18:58 EDT,06,009,0.49,4.081632653061225
Humboldt,California,1,0,0,0%,40.69879803,-123.8737147,2020-03-20 18:58 EDT,06,023,5.55,0.1801801801801802
Shasta,California,1,0,0,0%,40.59828,-122.49095,2020-03-20 18:58 EDT,06,089,2.83,0.35335689045936397
Nevada,California,1,0,0,0%,39.2616,-121.0161,2020-03-20 18:58 EDT,06,057,1.18,0.8474576271186441
Mendocino,California,1,0,0,0%,39.44024062600005,-123.39127840499998,2020-03-20 18:58 EDT,06,045,1.98,0.5050505050505051
Bergen,New Jersey,249,54,2,0.8%,40.95949149,-74.074442,2020-03-20 18:58 EDT,34,003,10.44,23.85057471264368
Middlesex,New Jersey,76,12,0,0%,40.57936,-74.50067,2020-03-20 18:58 EDT,34,023,23.36,3.2534246575342465
Essex,New Jersey,73,10,1,1.4%,40.78779259,-74.24760059,2020-03-20 18:58 EDT,34,013,23.48,3.1090289608177173
Hudson,New Jersey,66,11,1,1.5%,40.74034231,-74.07410970000002,2020-03-20 18:58 EDT,34,017,9.48,6.962025316455696
Monmouth,New Jersey,53,10,1,1.9%,40.2600411,-74.22194634,2020-03-20 18:58 EDT,34,025,6.78,7.817109144542773
Passaic,New Jersey,49,11,0,0%,40.86034,-74.12374,2020-03-20 18:58 EDT,34,031,10.23,4.789833822091887
Ocean,New Jersey,49,16,0,0%,39.90927434,-74.2969653,2020-03-20 18:58 EDT,34,029,6.88,7.122093023255814
Union,New Jersey,43,14,0,0%,40.69635,-74.26957,2020-03-20 18:58 EDT,34,039,6.56,6.5548780487804885
Morris,New Jersey,35,9,0,0%,40.86201902,-74.5442741,2020-03-20 18:58 EDT,34,027,8.57,4.084014002333722
Somerset,New Jersey,28,1,0,0%,40.49859,-74.52249,2020-03-20 18:58 EDT,34,035,5.28,5.303030303030303
Mercer,New Jersey,22,0,0,0%,40.28331911,-74.70157374,2020-03-20 18:58 EDT,34,021,20.37,1.0800196367206676
Burlington,New Jersey,17,0,0,0%,40.07687,-74.85775,2020-03-20 18:58 EDT,34,005,11.74,1.4480408858603067
Camden,New Jersey,11,0,0,0%,39.94525,-75.11913,2020-03-20 18:58 EDT,34,007,7.5,1.4666666666666666
Hunterdon,New Jersey,11,0,0,0%,40.56725317,-74.91217921,2020-03-20 18:58 EDT,34,019,3.68,2.9891304347826084
Gloucester,New Jersey,5,2,0,0%,39.71720107,-75.14164366,2020-03-20 18:58 EDT,34,015,4.24,1.1792452830188678
Warren,New Jersey,3,0,0,0%,40.85732358,-74.997063,2020-03-20 18:58 EDT,34,041,1.98,1.5151515151515151
Atlantic,New Jersey,3,0,0,0%,39.4806564,-74.67264306,2020-03-20 18:58 EDT,34,001,6.04,0.4966887417218543
Sussex,New Jersey,3,0,0,0%,41.13934496100006,-74.69067761999997,2020-03-20 18:58 EDT,34,037,1.69,1.7751479289940828
Cape May,New Jersey,1,0,0,0%,38.93547000000007,-74.92136999999997,2020-03-20 18:58 EDT,34,009,2.6,0.3846153846153846
Cumberland,New Jersey,1,0,0,0%,39.37311490500008,-75.11061925399997,2020-03-20 18:58 EDT,34,011,9.97,0.10030090270812436
Cook,Illinois,278,0,2,0.7%,41.84014932,-87.81682325,2020-03-20 18:58 EDT,17,031,90.99,3.055280800087922
DuPage,Illinois,54,0,0,0%,41.85194049,-88.08561127,2020-03-20 18:58 EDT,17,043,12.83,4.208885424785659
Lake,Illinois,37,0,0,0%,42.32327645,-88.00353452,2020-03-20 18:58 EDT,17,097,18.67,1.9817889662560255
Will,Illinois,9,0,1,11.1%,41.44505655,-87.97865231,2020-03-20 18:58 EDT,17,197,8.74,1.0297482837528604
Kane,Illinois,6,0,0,0%,41.93887565,-88.42863925,2020-03-20 18:58 EDT,17,089,6.81,0.881057268722467
McHenry,Illinois,6,0,0,0%,42.32621,-88.26731,2020-03-20 18:58 EDT,17,111,1.65,3.6363636363636367
Sangamon,Illinois,4,0,1,25%,39.75815792,-89.65888740000004,2020-03-20 18:58 EDT,17,167,4.02,0.9950248756218907
St. Clair,Illinois,3,0,0,0%,38.46996471,-89.92749975,2020-03-20 18:58 EDT,17,163,4.56,0.6578947368421053
Clinton,Illinois,3,0,0,0%,40.1536,-88.9645,2020-03-20 18:58 EDT,17,027,2.07,1.4492753623188408
Peoria,Illinois,3,0,0,0%,40.69236,-89.58799,2020-03-20 18:58 EDT,17,143,4.81,0.6237006237006237
Woodford,Illinois,2,0,0,0%,40.84437,-89.02781,2020-03-20 18:58 EDT,17,203,1.01,1.9801980198019802
Cumberland,Illinois,1,0,0,0%,39.27332831,-88.24016822,2020-03-20 18:58 EDT,17,035,0.12,8.333333333333334
Champaign,Illinois,1,0,0,0%,40.1142,-88.2435,2020-03-20 18:58 EDT,17,019,16.4,0.06097560975609757
Winnebago,Illinois,1,0,0,0%,42.26568,-89.24139,2020-03-20 18:58 EDT,17,201,4.74,0.21097046413502107
Whiteside,Illinois,1,0,0,0%,41.75533495,-89.91231676,2020-03-20 18:58 EDT,17,195,1.01,0.9900990099009901
Madison,Illinois,1,0,0,0%,38.83006224,-89.9017802,2020-03-20 18:58 EDT,17,119,3.95,0.2531645569620253
Kendall,Illinois,1,0,0,0%,41.59058793,-88.42880574,2020-03-20 18:58 EDT,17,093,0.21,4.761904761904762
Jackson,Illinois,1,0,0,0%,37.78549498,-89.38103883,2020-03-20 18:58 EDT,17,077,3.59,0.2785515320334262
Williamson,Illinois,1,0,0,0%,37.73016812,-88.92990905,2020-03-20 18:58 EDT,17,199,2,0.5
Kankakee,Illinois,1,0,0,0%,41.137714175000035,-87.86181763199993,2020-03-20 18:58 EDT,17,091,6.27,0.1594896331738437
LaSalle,Illinois,1,0,0,0%,41.344007436000034,-88.88594642199995,2020-03-20 18:58 EDT,17,099,3.39,0.2949852507374631
Washington,Illinois,1,0,0,0%,38.352253931000064,-89.41049152099998,2020-03-20 18:58 EDT,17,189,0.25,4.0
Adams,Illinois,1,0,0,0%,39.987796014000025,-91.18448433099995,2020-03-20 18:58 EDT,17,001,2.02,0.49504950495049505
McLean,Illinois,1,0,0,0%,40.49087609700007,-88.84731520699995,2020-03-20 18:58 EDT,17,113,10.51,0.09514747859181732
Broward,Florida,128,32,1,0.8%,26.15224542,-80.48705340000002,2020-03-20 18:58 EDT,12,011,16.3,7.852760736196319
Palm Beach,Florida,42,13,0,0%,26.70288,-80.03661,2020-03-20 18:58 EDT,12,099,21.63,1.941747572815534
Hillsborough,Florida,32,12,0,0%,27.93023096,-82.30785534,2020-03-20 18:58 EDT,12,057,22.98,1.392515230635335
Collier,Florida,25,7,0,0%,26.11625563,-81.34013334,2020-03-20 18:58 EDT,12,021,4.55,5.4945054945054945
Orange,Florida,23,4,2,8.7%,41.33141,-74.35667,2020-03-20 18:58 EDT,12,095,35.27,0.6521122767224269
Pinellas,Florida,22,6,0,0%,27.9313392,-82.72194025,2020-03-20 18:58 EDT,12,103,19.85,1.1083123425692694
Duval,Florida,17,2,0,0%,30.47844000000001,-81.62557,2020-03-20 18:58 EDT,12,031,20.81,0.8169149447381068
Alachua,Florida,15,4,0,0%,29.79309000000001,-82.49428,2020-03-20 18:58 EDT,12,001,14.49,1.0351966873706004
Lee,Florida,14,3,1,7.1%,26.57965162,-81.82468531,2020-03-20 18:58 EDT,12,071,8.48,1.650943396226415
Osceola,Florida,13,0,0,0%,28.06812578,-81.14519655,2020-03-20 18:58 EDT,12,097,3.25,4.0
Manatee,Florida,10,1,1,10%,27.49643,-82.53954,2020-03-20 18:58 EDT,12,081,4.81,2.079002079002079
Volusia,Florida,10,1,0,0%,29.16934,-81.52251,2020-03-20 18:58 EDT,12,127,14.43,0.693000693000693
Seminole,Florida,10,2,0,0%,28.71700144,-81.23632262,2020-03-20 18:58 EDT,12,117,3.51,2.8490028490028494
Polk,Florida,9,5,0,0%,27.94887824,-81.69776009,2020-03-20 18:58 EDT,12,105,13.54,0.6646971935007386
Sarasota,Florida,8,2,0,0%,27.33889000000001,-82.53886999999997,2020-03-20 18:58 EDT,12,115,5.94,1.3468013468013467
Okaloosa,Florida,7,2,0,0%,30.70702353,-86.59650821,2020-03-20 18:58 EDT,12,091,4.72,1.4830508474576272
Pasco,Florida,7,2,0,0%,28.32453,-82.33624,2020-03-20 18:58 EDT,12,101,5.81,1.2048192771084338
St. Johns,Florida,7,3,0,0%,30.12051,-81.62536,2020-03-20 18:58 EDT,12,109,3.04,2.3026315789473686
Leon,Florida,4,0,1,25%,30.45796803,-84.27794359,2020-03-20 18:58 EDT,12,073,15.16,0.2638522427440633
Clay,Florida,4,0,2,50%,29.98305516,-81.85778209,2020-03-20 18:58 EDT,12,019,1.25,3.2
Brevard,Florida,4,1,0,0%,28.29348419,-80.73235631,2020-03-20 18:58 EDT,12,009,6.72,0.5952380952380952
Hernando,Florida,4,0,0,0%,28.55250380800004,-82.41938995699995,2020-03-20 18:58 EDT,12,053,1.83,2.1857923497267757
Santa Rosa,Florida,3,1,1,33.3%,30.73147611,-87.01761385,2020-03-20 18:58 EDT,12,113,6.04,0.4966887417218543
Citrus,Florida,3,0,0,0%,28.8507789,-82.46594866,2020-03-20 18:58 EDT,12,017,2.25,1.3333333333333333
Lake,Florida,3,0,0,0%,28.76261973,-81.71155351,2020-03-20 18:58 EDT,12,069,3.87,0.7751937984496123
Walton County,Florida,3,2,0,0%,30.65939599,-86.16268062,2020-03-20 18:58 EDT,12,131,2.07,1.4492753623188408
Indian River,Florida,3,2,0,0%,27.694396501000032,-80.60612987299999,2020-03-20 18:58 EDT,12,061,1.33,2.255639097744361
Charlotte,Florida,2,1,0,0%,26.90848328,-81.90343918,2020-03-20 18:58 EDT,12,015,3.17,0.6309148264984227
Sumter,Florida,2,0,0,0%,28.70474449,-82.0809939,2020-03-20 18:58 EDT,12,119,8.2,0.24390243902439027
Gadsden,Florida,1,0,0,0%,30.57948492,-84.61351742,2020-03-20 18:58 EDT,12,039,3.16,0.3164556962025316
Nassau,Florida,1,0,0,0%,30.61077673,-81.80173997,2020-03-20 18:58 EDT,12,089,0.54,1.8518518518518516
Escambia,Florida,1,0,0,0%,30.70048478,-87.37722154,2020-03-20 18:58 EDT,12,033,17.84,0.05605381165919283
Jackson,Florida,1,0,0,0%,30.79572969800006,-85.21834955899999,2020-03-20 18:58 EDT,12,063,7.78,0.12853470437017994
Martin,Florida,1,0,0,0%,27.088097283000025,-80.38317334499997,2020-03-20 18:58 EDT,12,085,4.21,0.23752969121140144
Monroe,Florida,1,1,0,0%,39.492170000000044,-91.78737999999998,2020-03-20 18:58 EDT,12,087,1.98,0.5050505050505051
Oakland,Michigan,184,79,0,0%,42.74214,-83.16174000000002,2020-03-20 18:58 EDT,26,125,13.24,13.897280966767372
Macomb,Michigan,86,31,0,0%,42.69565,-82.92171,2020-03-20 18:58 EDT,26,099,7.52,11.436170212765958
Wayne,Michigan,67,23,1,1.5%,42.28515,-83.3836,2020-03-20 18:58 EDT,26,163,22.72,2.948943661971831
Washtenaw,Michigan,16,2,0,0%,42.25322942,-83.83877634,2020-03-20 18:58 EDT,26,161,22.6,0.7079646017699115
Kent,Michigan,12,5,0,0%,43.03216204,-85.54929822,2020-03-20 18:58 EDT,26,081,11.54,1.0398613518197575
St. Clair,Michigan,7,3,0,0%,42.83189,-82.50220999999998,2020-03-20 18:58 EDT,26,147,2,3.5
Ingham,Michigan,7,1,0,0%,42.59709245,-84.37353421,2020-03-20 18:58 EDT,26,065,17.19,0.40721349621873176
Genesee,Michigan,4,4,0,0%,43.02170159500002,-83.70675477999998,2020-03-20 18:58 EDT,26,049,5.86,0.68259385665529
Monroe,Michigan,3,1,0,0%,41.91606,-83.3979,2020-03-20 18:58 EDT,26,115,1.46,2.0547945205479454
Livingston,Michigan,3,2,0,0%,42.60291818300004,-83.91152404099995,2020-03-20 18:58 EDT,26,093,1.39,2.1582733812949644
Midland,Michigan,3,2,0,0%,43.646864899000036,-84.38811027199995,2020-03-20 18:58 EDT,26,111,1.27,2.3622047244094486
Eaton,Michigan,2,0,0,0%,42.596074929000046,-84.83832067399999,2020-03-20 18:58 EDT,26,045,1.77,1.1299435028248588
Montcalm,Michigan,1,0,0,0%,43.31095473,-85.1525018,2020-03-20 18:58 EDT,26,117,3.06,0.32679738562091504
Bay,Michigan,1,0,0,0%,43.70732889,-83.99203709,2020-03-20 18:58 EDT,26,017,1.44,0.6944444444444444
Charlevoix,Michigan,1,0,0,0%,45.31653,-85.26071999999998,2020-03-20 18:58 EDT,26,029,0.28,3.571428571428571
Ottawa,Michigan,1,0,0,0%,42.96071229,-85.99516567,2020-03-20 18:58 EDT,26,139,9.07,0.11025358324145534
Leelanau,Michigan,1,0,0,0%,44.93849073,-85.81182341,2020-03-20 18:58 EDT,26,089,0.28,3.571428571428571
Otsego,Michigan,1,0,0,0%,42.4606,-85.6964,2020-03-20 18:58 EDT,26,137,0.35,2.857142857142857
Jackson,Michigan,1,0,0,0%,42.24848235,-84.42344983,2020-03-20 18:58 EDT,26,075,8.67,0.11534025374855825
Clinton,Michigan,1,0,0,0%,42.94365425900003,-84.60151415799999,2020-03-20 18:58 EDT,26,037,0.63,1.5873015873015872
Orleans,Louisiana,326,77,10,3.1%,30.03843182,-89.90055149,2020-03-20 18:58 EDT,22,071,13.45,24.237918215613384
Jefferson,Louisiana,104,35,1,1%,29.9596,-90.17182,2020-03-20 18:58 EDT,22,051,3.31,31.419939577039273
Caddo,Louisiana,13,3,0,0%,32.75632,-93.97374,2020-03-20 18:58 EDT,22,017,6.25,2.08
St. Tammany,Louisiana,10,0,0,0%,30.39408,-89.89506999999998,2020-03-20 18:58 EDT,22,103,1.28,7.8125
East Baton Rouge,Louisiana,7,1,0,0%,30.53926541,-91.09217012,2020-03-20 18:58 EDT,22,033,11.11,0.6300630063006301
Lafayette,Louisiana,7,4,0,0%,30.206788222000057,-92.06389372499996,2020-03-20 18:58 EDT,22,055,5.16,1.3565891472868217
Lafourche,Louisiana,5,1,0,0%,29.765290000000004,-90.76881,2020-03-20 18:58 EDT,22,057,1.63,3.067484662576687
St. Charles,Louisiana,5,1,0,0%,29.9052798,-90.3824403,2020-03-20 18:58 EDT,22,089,0.59,8.474576271186441
St. Bernard,Louisiana,5,1,0,0%,29.86715,-89.85868,2020-03-20 18:58 EDT,22,087,0.29,17.24137931034483
Terrebonne,Louisiana,4,0,0,0%,29.43006669,-90.87546183,2020-03-20 18:58 EDT,22,109,1.48,2.7027027027027026
Bossier,Louisiana,4,0,0,0%,32.67886191,-93.60531071,2020-03-20 18:58 EDT,22,015,2.55,1.5686274509803924
St. John the Baptist,Louisiana,4,1,0,0%,30.07866499,-90.54541322,2020-03-20 18:58 EDT,22,095,0.47,8.51063829787234
Calcasieu,Louisiana,3,2,0,0%,30.22969920200007,-93.357998921,2020-03-20 18:58 EDT,22,019,3.79,0.7915567282321899
Ascension,Louisiana,2,0,0,0%,30.20549338,-90.9088583,2020-03-20 18:58 EDT,22,005,0.79,2.531645569620253
Washington,Louisiana,2,0,0,0%,30.85339216,-90.04050446,2020-03-20 18:58 EDT,22,117,1.58,1.2658227848101264
West Baton Rouge,Louisiana,2,0,0,0%,30.450190000000077,-91.20511,2020-03-20 18:58 EDT,22,121,0.56,3.571428571428571
St. Landry,Louisiana,2,0,0,0%,30.84436000000005,-92.25789999999996,2020-03-20 18:58 EDT,22,097,1.11,1.8018018018018016
St. James,Louisiana,1,0,1,100%,30.418250000000054,-91.09344,2020-03-20 18:58 EDT,22,093,0.2,5.0
Plaquemines,Louisiana,1,0,0,0%,29.483275079000066,-89.65255639899998,2020-03-20 18:58 EDT,22,075,0.27,3.7037037037037033
Acadia,Louisiana,1,0,0,0%,30.29050870500004,-92.41197696399996,2020-03-20 18:58 EDT,22,001,1.05,0.9523809523809523
Assumption,Louisiana,1,0,0,0%,29.90081580200007,-91.06259176899994,2020-03-20 18:58 EDT,22,007,0.2,5.0
Iberia,Louisiana,1,0,0,0%,29.8980112,-91.72954301,2020-03-20 18:58 EDT,22,045,0.94,1.0638297872340425
Iberville,Louisiana,1,0,0,0%,30.25861183000007,-91.35399609099994,2020-03-20 18:58 EDT,22,047,3.99,0.2506265664160401
Livingston,Louisiana,1,0,0,0%,30.450238835000054,-90.73914828299995,2020-03-20 18:58 EDT,22,063,1.19,0.8403361344537815
Rapides,Louisiana,1,0,0,0%,31.198439239000038,-92.53308594799995,2020-03-20 18:58 EDT,22,079,4.5,0.2222222222222222
Webster,Louisiana,1,0,0,0%,32.713590190000055,-93.33509248999997,2020-03-20 18:58 EDT,22,119,1.23,0.8130081300813008
Fulton,Georgia,79,13,2,2.5%,33.79024066,-84.46711002,2020-03-20 18:58 EDT,13,121,34.25,2.3065693430656933
Cobb,Georgia,45,8,1,2.2%,33.9414802,-84.57663741,2020-03-20 18:58 EDT,13,067,9.33,4.823151125401929
Bartow,Georgia,40,14,0,0%,34.23764397,-84.84072940000001,2020-03-20 18:58 EDT,13,015,0.98,40.816326530612244
Dougherty,Georgia,38,17,4,10.5%,31.53332494,-84.21629439,2020-03-20 18:58 EDT,13,095,6.92,5.491329479768786
DeKalb,Georgia,35,13,0,0%,33.77153731,-84.22646531,2020-03-20 18:58 EDT,13,089,11.52,3.0381944444444446
Gwinnett,Georgia,20,8,0,0%,33.96118879,-84.0235873,2020-03-20 18:58 EDT,13,135,5.57,3.5906642728904847
Cherokee,Georgia,13,0,0,0%,34.24398966,-84.47624414,2020-03-20 18:58 EDT,13,057,1.73,7.514450867052023
Fayette,Georgia,10,0,1,10%,33.413909100000005,-84.49427247,2020-03-20 18:58 EDT,13,113,0.46,21.73913043478261
Clarke,Georgia,9,1,0,0%,33.95110572,-83.36741217,2020-03-20 18:58 EDT,13,059,10.11,0.8902077151335313
Clayton,Georgia,9,3,0,0%,33.54197299,-84.35769948,2020-03-20 18:58 EDT,13,063,4.7,1.9148936170212765
Lee,Georgia,8,5,0,0%,31.77959716,-84.14088023,2020-03-20 18:58 EDT,13,177,0.93,8.602150537634408
Richmond,Georgia,7,5,0,0%,33.35962968,-82.07361638,2020-03-20 18:58 EDT,13,245,11.89,0.5887300252312868
Carroll,Georgia,7,7,0,0%,33.582626454000035,-85.07982315199995,2020-03-20 18:58 EDT,13,045,3.68,1.9021739130434783
Floyd,Georgia,6,0,1,16.7%,34.26324245,-85.21452762,2020-03-20 18:58 EDT,13,115,3.76,1.595744680851064
Lowndes,Georgia,6,0,0,0%,30.83362831,-83.26769554,2020-03-20 18:58 EDT,13,185,5.99,1.001669449081803
Henry,Georgia,6,3,0,0%,33.45301628,-84.15426282,2020-03-20 18:58 EDT,13,151,0.97,6.185567010309279
Hall,Georgia,5,0,0,0%,34.32041152,-83.81043541,2020-03-20 18:58 EDT,13,139,2.76,1.8115942028985508
Newton,Georgia,4,1,0,0%,33.55500659,-83.8502182,2020-03-20 18:58 EDT,13,217,1.63,2.4539877300613497
Gordon,Georgia,3,0,0,0%,34.50319646,-84.87587883,2020-03-20 18:58 EDT,13,129,0.65,4.615384615384615
Coweta,Georgia,3,0,0,0%,33.35360269,-84.76336691,2020-03-20 18:58 EDT,13,077,0.59,5.084745762711865
Forsyth,Georgia,3,0,0,0%,34.22493225,-84.13349923,2020-03-20 18:58 EDT,13,117,0.67,4.477611940298507
Paulding,Georgia,3,0,0,0%,33.92042456,-84.8672012,2020-03-20 18:58 EDT,13,223,0.47,6.382978723404256
Troup,Georgia,2,0,0,0%,33.03351893,-85.02826168,2020-03-20 18:58 EDT,13,285,2.52,0.7936507936507936
Columbia,Georgia,2,0,0,0%,33.53724806,-82.26219609,2020-03-20 18:58 EDT,13,073,0.8,2.5
Oconee,Georgia,2,1,0,0%,33.83486018600007,-83.43704214999997,2020-03-20 18:58 EDT,13,219,0.14,14.285714285714285
Early,Georgia,2,0,1,50%,31.32275588700003,-84.90368024199995,2020-03-20 18:58 EDT,13,099,0.13,15.384615384615383
Glynn,Georgia,2,0,0,0%,31.23258256600008,-81.54266737099994,2020-03-20 18:58 EDT,13,127,1.61,1.2422360248447204
Laurens,Georgia,2,0,0,0%,32.46368816900008,-82.92216464999996,2020-03-20 18:58 EDT,13,175,1.04,1.923076923076923
Muscogee,Georgia,2,1,0,0%,32.50990010800007,-84.87686883799995,2020-03-20 18:58 EDT,13,215,6.33,0.315955766192733
Worth,Georgia,2,2,0,0%,31.55158874800003,-83.85098390799999,2020-03-20 18:58 EDT,13,321,0.09,22.22222222222222
Polk,Georgia,1,0,0,0%,34.00168812,-85.18810974,2020-03-20 18:58 EDT,13,233,0.64,1.5625
Charlton,Georgia,1,0,0,0%,30.78171091,-82.13776476,2020-03-20 18:58 EDT,13,049,2.23,0.4484304932735426
Houston,Georgia,1,0,0,0%,32.45894643,-83.66617499,2020-03-20 18:58 EDT,13,153,1.49,0.6711409395973155
Whitfield,Georgia,1,0,0,0%,34.80552576,-84.96721045,2020-03-20 18:58 EDT,13,313,1.06,0.9433962264150942
Barrow,Georgia,1,0,0,0%,33.99322516,-83.71272533,2020-03-20 18:58 EDT,13,013,0.31,3.2258064516129035
Chatham,Georgia,1,0,0,0%,32.003814420000026,-81.13307068899995,2020-03-20 18:58 EDT,13,051,14.89,0.0671591672263264
Turner,Georgia,1,0,0,0%,31.716353438000056,-83.62405503699995,2020-03-20 18:58 EDT,13,287,0.39,2.564102564102564
Rockdale,Georgia,1,0,0,0%,33.654224982000066,-84.02668351599993,2020-03-20 18:58 EDT,13,247,0.76,1.3157894736842106
Bibb,Georgia,1,0,0,0%,32.80663591500007,-83.69775904499993,2020-03-20 18:58 EDT,13,021,6.13,0.1631321370309951
Peach,Georgia,1,0,0,0%,32.568811802000035,-83.82678716999997,2020-03-20 18:58 EDT,13,225,1.44,0.6944444444444444
Effingham,Georgia,1,0,0,0%,32.36755649300005,-81.34129987499995,2020-03-20 18:58 EDT,13,103,0.61,1.639344262295082
Tift,Georgia,1,1,0,0%,31.45732246400007,-83.52672092499995,2020-03-20 18:58 EDT,13,277,1.55,0.6451612903225806
Miller,Georgia,1,1,0,0%,31.16394414100005,-84.73065653599997,2020-03-20 18:58 EDT,13,201,0.13,7.692307692307692
Spalding,Georgia,1,1,0,0%,33.26086704,-84.28421107,2020-03-20 18:58 EDT,13,255,1.36,0.7352941176470588
Heard,Georgia,1,1,0,0%,33.296914994000076,-85.12838544699997,2020-03-20 18:58 EDT,13,149,0.08,12.5
Dawson,Georgia,1,1,0,0%,34.44531828000004,-84.17291329199999,2020-03-20 18:58 EDT,13,085,0.1,10.0
Middlesex,Massachusetts,144,25,0,0%,42.48559407,-71.3917913,2020-03-20 18:58 EDT,25,017,56.81,2.534765006160887
Suffolk,Massachusetts,86,14,1,1.2%,42.33189157,-71.07537429,2020-03-20 18:58 EDT,25,025,50.68,1.696921862667719
Norfolk,Massachusetts,64,12,0,0%,42.11941,-71.33083,2020-03-20 18:58 EDT,25,021,17.05,3.75366568914956
Essex,Massachusetts,29,10,0,0%,42.63251,-70.78113,2020-03-20 18:58 EDT,25,009,19.53,1.48489503328213
Berkshire,Massachusetts,20,2,0,0%,42.51105,-73.19426,2020-03-20 18:58 EDT,25,003,5.89,3.395585738539898
Worcester,Massachusetts,19,5,0,0%,42.26341,-71.80219,2020-03-20 18:58 EDT,25,027,28.28,0.6718528995756718
Plymouth,Massachusetts,11,6,0,0%,41.92808,-70.6568,2020-03-20 18:58 EDT,25,023,11.37,0.967458223394899
Barnstable,Massachusetts,9,4,0,0%,41.70194,-70.30442,2020-03-20 18:58 EDT,25,001,4.11,2.18978102189781
Bristol,Massachusetts,6,0,0,0%,41.79836956,-71.11428121,2020-03-20 18:58 EDT,25,005,15.52,0.3865979381443299
Hampden,Massachusetts,3,0,0,0%,42.064613,-72.422,2020-03-20 18:58 EDT,25,013,15.13,0.1982815598149372
Hampshire,Massachusetts,2,1,0,0%,42.340271495000025,-72.66940388099994,2020-03-20 18:58 EDT,25,015,22.32,0.08960573476702509
Franklin,Massachusetts,1,0,0,0%,42.58654867,-72.59777313,2020-03-20 18:58 EDT,25,011,1.51,0.6622516556291391
Dallas,Texas,74,15,1,1.4%,32.778220000000005,-96.79512,2020-03-20 18:58 EDT,48,113,32.33,2.2888957624497372
Travis,Texas,41,0,0,0%,30.33462266,-97.78218981,2020-03-20 18:58 EDT,48,453,22.84,1.7950963222416814
Tarrant,Texas,29,10,1,3.4%,32.8173,-97.07655,2020-03-20 18:58 EDT,48,439,24.35,1.190965092402464
Bexar,Texas,29,0,0,0%,29.44892069,-98.5200077,2020-03-20 18:58 EDT,48,029,42.26,0.686228111689541
Fort Bend,Texas,24,5,0,0%,29.52745252,-95.77065084,2020-03-20 18:58 EDT,48,157,5.12,4.6875
Collin,Texas,18,0,1,5.6%,33.1968,-96.80393,2020-03-20 18:58 EDT,48,085,4.39,4.100227790432802
Denton,Texas,15,6,0,0%,33.216590000000004,-97.13162,2020-03-20 18:58 EDT,48,121,11.48,1.3066202090592334
McLennan,Texas,13,6,0,0%,31.55234029,-97.20180587,2020-03-20 18:58 EDT,48,309,8.43,1.542111506524318
Montgomery,Texas,10,1,0,0%,30.38862,-95.69633,2020-03-20 18:58 EDT,48,339,3.2,3.125
Williamson,Texas,8,0,0,0%,30.64806761,-97.60077209,2020-03-20 18:58 EDT,48,491,4.26,1.8779342723004695
Bell,Texas,7,1,0,0%,31.03765881,-97.47807382,2020-03-20 18:58 EDT,48,027,9.48,0.7383966244725738
El Paso,Texas,6,0,0,0%,31.75916,-106.48749,2020-03-20 18:58 EDT,48,141,16.46,0.3645200486026731
Galveston,Texas,6,2,0,0%,29.29532,-94.80791,2020-03-20 18:58 EDT,48,167,4.99,1.2024048096192383
Hays,Texas,6,1,0,0%,30.1227,-97.8722,2020-03-20 18:58 EDT,48,209,7.79,0.7702182284980744
Brazos,Texas,6,2,0,0%,30.66048584,-96.30207301,2020-03-20 18:58 EDT,48,041,14.25,0.42105263157894735
Smith,Texas,5,0,0,0%,32.37505601,-95.26910259,2020-03-20 18:58 EDT,48,423,4.8,1.0416666666666667
Brazoria,Texas,5,1,0,0%,29.04971,-95.562,2020-03-20 18:58 EDT,48,039,10.45,0.47846889952153115
Wichita,Texas,4,1,0,0%,33.98410156,-98.70169462,2020-03-20 18:58 EDT,48,485,12.56,0.3184713375796178
Matagorda,Texas,3,0,1,33.3%,28.69123,-95.96755,2020-03-20 18:58 EDT,48,321,0.37,8.108108108108109
Lubbock,Texas,3,0,0,0%,33.61019304,-101.8204416,2020-03-20 18:58 EDT,48,303,11.73,0.2557544757033248
Comal,Texas,2,1,0,0%,29.80818438,-98.2781952,2020-03-20 18:58 EDT,48,091,1.19,1.680672268907563
Randall,Texas,2,0,0,0%,34.965964609000025,-101.89688797099994,2020-03-20 18:58 EDT,48,381,2.52,0.7936507936507936
Gregg,Texas,1,0,0,0%,32.48062462,-94.81699103,2020-03-20 18:58 EDT,48,183,4.07,0.24570024570024568
Lavaca,Texas,1,0,0,0%,29.38432888,-96.93010975,2020-03-20 18:58 EDT,48,285,0.42,2.380952380952381
Bowie,Texas,1,0,0,0%,33.559,-97.8486,2020-03-20 18:58 EDT,48,037,6.2,0.16129032258064516
Webb,Texas,1,0,0,0%,27.7925,-99.4228,2020-03-20 18:58 EDT,48,479,3.59,0.2785515320334262
Rusk,Texas,1,0,0,0%,31.796,-95.1502,2020-03-20 18:58 EDT,48,401,6.21,0.1610305958132045
Ellis,Texas,1,0,0,0%,32.34839289,-96.79460418,2020-03-20 18:58 EDT,48,139,1.66,0.6024096385542169
Johnson,Texas,1,0,0,0%,32.37899029,-97.36641179,2020-03-20 18:58 EDT,48,251,2.66,0.37593984962406013
Grimes,Texas,1,0,0,0%,30.54365581,-95.98530182,2020-03-20 18:58 EDT,48,185,2.91,0.3436426116838488
Fannin,Texas,1,0,0,0%,33.59309617,-96.10695931,2020-03-20 18:58 EDT,48,147,3.09,0.3236245954692557
Jefferson,Texas,1,0,0,0%,29.88366401,-94.16922753,2020-03-20 18:58 EDT,48,245,16.26,0.061500615006150054
DeWitt,Texas,1,0,0,0%,29.08205895,-97.3568176,2020-03-20 18:58 EDT,48,123,1.83,0.5464480874316939
Brown,Texas,1,0,0,0%,31.77427489,-98.99985028,2020-03-20 18:58 EDT,48,049,1.67,0.5988023952095809
Van Zandt,Texas,1,0,0,0%,32.56229951,-95.83587208,2020-03-20 18:58 EDT,48,467,0.57,1.7543859649122808
Crane,Texas,1,0,0,0%,31.428466490000066,-102.51556836199995,2020-03-20 18:58 EDT,48,103,0.09,11.11111111111111
Lamar,Texas,1,0,0,0%,33.66742105700007,-95.570870793,2020-03-20 18:58 EDT,48,277,0.68,1.4705882352941175
Midland,Texas,1,0,0,0%,31.869324986000038,-102.031452254,2020-03-20 18:58 EDT,48,329,1.6,0.625
Cameron,Texas,1,0,0,0%,26.13597462,-97.52423968,2020-03-20 18:58 EDT,48,061,3.38,0.2958579881656805
Castro,Texas,1,0,0,0%,34.529994591000055,-102.26167029399994,2020-03-20 18:58 EDT,48,069,0.07,14.285714285714285
Oldham,Texas,1,0,0,0%,35.40495423000005,-102.60288991,2020-03-20 18:58 EDT,48,359,0.28,3.571428571428571
Milam,Texas,1,1,0,0%,30.78630010100005,-96.97674797099995,2020-03-20 18:58 EDT,48,331,0.42,2.380952380952381
Kendall,Texas,1,1,0,0%,29.944676570000077,-98.71160748399996,2020-03-20 18:58 EDT,48,259,0.55,1.8181818181818181
Guadalupe,Texas,1,1,0,0%,29.583096658000045,-97.94865644799995,2020-03-20 18:58 EDT,48,187,1.92,0.5208333333333334
Denver,Colorado,67,24,0,0%,39.74001,-104.99202,2020-03-20 18:58 EDT,08,031,16.31,4.1079092581238505
Eagle,Colorado,61,22,0,0%,39.65565,-106.82788,2020-03-20 18:58 EDT,08,037,0.08,762.5
Jefferson,Colorado,37,12,0,0%,39.58643164,-105.2504022,2020-03-20 18:58 EDT,08,059,8.76,4.223744292237443
Arapahoe,Colorado,29,7,0,0%,39.64976719,-104.3392044,2020-03-20 18:58 EDT,08,005,4.3,6.744186046511628
El Paso,Colorado,27,19,2,7.4%,38.83212691,-104.5255141,2020-03-20 18:58 EDT,08,041,20.3,1.3300492610837438
Douglas,Colorado,17,6,0,0%,39.32966642,-104.9295706,2020-03-20 18:58 EDT,08,035,0.63,26.984126984126984
Boulder,Colorado,16,5,0,0%,40.01574,-105.27924,2020-03-20 18:58 EDT,08,013,11.63,1.3757523645743766
Weld,Colorado,15,6,1,6.7%,40.55477273,-104.3924353,2020-03-20 18:58 EDT,08,123,4.95,3.0303030303030303
Pitkin,Colorado,14,3,0,0%,39.21712515,-106.9167355,2020-03-20 18:58 EDT,08,097,0.07,199.99999999999997
Gunnison,Colorado,13,2,0,0%,38.54526,-106.92692,2020-03-20 18:58 EDT,08,051,1.1,11.818181818181817
Adams,Colorado,12,2,0,0%,39.87375914,-104.3366349,2020-03-20 18:58 EDT,08,001,4.46,2.690582959641256
Summit,Colorado,7,2,0,0%,39.6341694,-106.1163607,2020-03-20 18:58 EDT,08,117,0.27,25.925925925925924
Larimer,Colorado,7,3,0,0%,40.66645245,-105.4609363,2020-03-20 18:58 EDT,08,069,9.37,0.7470651013874067
Garfield,Colorado,4,2,0,0%,39.59922654,-107.9040019,2020-03-20 18:58 EDT,08,045,0.88,4.545454545454546
Grand,Colorado,3,2,0,0%,40.10263738,-106.1182838,2020-03-20 18:58 EDT,08,049,0.22,13.636363636363637
Pueblo,Colorado,2,0,0,0%,38.26375,-104.61252,2020-03-20 18:58 EDT,08,101,4.51,0.4434589800443459
Routt,Colorado,2,0,0,0%,40.48499792,-106.9912189,2020-03-20 18:58 EDT,08,107,0.34,5.88235294117647
Clear Creek,Colorado,2,0,0,0%,39.68905313,-105.6443322,2020-03-20 18:58 EDT,08,019,0.08,25.0
Mesa,Colorado,1,0,0,0%,39.16616,-108.13889,2020-03-20 18:58 EDT,08,077,4.66,0.2145922746781116
Crowley,Colorado,1,0,1,100%,38.32668857400007,-103.78479847799996,2020-03-20 18:58 EDT,08,025,2.81,0.35587188612099646
Montgomery,Pennsylvania,68,13,0,0%,40.21089424,-75.36736378,2020-03-20 18:58 EDT,42,091,21.66,3.139427516158818
Philadelphia,Pennsylvania,67,23,0,0%,39.95222,-75.16218,2020-03-20 18:58 EDT,42,101,56.54,1.1850017686593561
Allegheny,Pennsylvania,28,10,0,0%,40.45082,-80.01615,2020-03-20 18:58 EDT,42,003,35.1,0.7977207977207977
Delaware,Pennsylvania,23,9,0,0%,39.9167251,-75.39898556,2020-03-20 18:58 EDT,42,045,22.69,1.0136624063464081
Monroe,Pennsylvania,19,4,0,0%,41.05811592,-75.33939791,2020-03-20 18:58 EDT,42,089,4.51,4.212860310421286
Chester,Pennsylvania,17,7,0,0%,39.97320372,-75.74845154,2020-03-20 18:58 EDT,42,029,13.5,1.2592592592592593
Bucks,Pennsylvania,16,4,0,0%,40.33694044,-75.10679406,2020-03-20 18:58 EDT,42,017,8.04,1.9900497512437814
Cumberland,Pennsylvania,11,0,0,0%,40.16367663,-77.26538073,2020-03-20 18:58 EDT,42,041,12.25,0.8979591836734694
Northampton,Pennsylvania,10,5,1,10%,40.6836,-75.49108000000003,2020-03-20 18:58 EDT,42,095,11.25,0.8888888888888888
York,Pennsylvania,6,4,0,0%,39.91993202,-76.72645287,2020-03-20 18:58 EDT,42,133,8.69,0.6904487917146145
Berks,Pennsylvania,5,4,0,0%,40.41633729,-75.92604542,2020-03-20 18:58 EDT,42,011,11.4,0.43859649122807015
Lackawanna,Pennsylvania,4,2,0,0%,41.43685633,-75.60917996,2020-03-20 18:58 EDT,42,069,7.5,0.5333333333333333
Westmoreland,Pennsylvania,4,2,0,0%,40.310772400000076,-79.46697991799994,2020-03-20 18:58 EDT,42,129,6.99,0.5722460658082975
Adams,Pennsylvania,4,4,0,0%,39.871507042000076,-77.21794552399994,2020-03-20 18:58 EDT,42,001,4.04,0.9900990099009901
Pike,Pennsylvania,3,0,0,0%,41.33202501,-75.03382353,2020-03-20 18:58 EDT,42,103,0.48,6.25
Washington,Pennsylvania,3,0,0,0%,40.16752,-80.24648,2020-03-20 18:58 EDT,42,125,5.49,0.5464480874316939
Beaver,Pennsylvania,3,1,0,0%,40.6964,-80.30196,2020-03-20 18:58 EDT,42,007,3.17,0.9463722397476341
Lehigh,Pennsylvania,2,1,0,0%,40.61265671,-75.59232058,2020-03-20 18:58 EDT,42,077,9.14,0.2188183807439825
Luzerne,Pennsylvania,2,1,0,0%,41.28669,-75.90272,2020-03-20 18:58 EDT,42,079,11.9,0.1680672268907563
Lancaster,Pennsylvania,2,0,0,0%,40.04236245,-76.24767325,2020-03-20 18:58 EDT,42,071,12.72,0.15723270440251572
Wayne,Pennsylvania,1,0,0,0%,41.64878798,-75.30324861,2020-03-20 18:58 EDT,42,127,3.73,0.2680965147453083
Erie,Pennsylvania,1,0,0,0%,41.99166483,-80.03220618,2020-03-20 18:58 EDT,42,049,12.13,0.08244023083264633
Lebanon,Pennsylvania,1,0,0,0%,40.36719795400006,-76.45774632799998,2020-03-20 18:58 EDT,42,075,3.67,0.2724795640326976
Franklin,Pennsylvania,1,1,0,0%,39.92749583600005,-77.72116186899994,2020-03-20 18:58 EDT,42,055,2.61,0.3831417624521073
Centre,Pennsylvania,1,1,0,0%,40.91930796500003,-77.81979795499996,2020-03-20 18:58 EDT,42,027,19.62,0.0509683995922528
Potter,Pennsylvania,1,1,0,0%,41.74490715600007,-77.89577994599996,2020-03-20 18:58 EDT,42,105,0.22,4.545454545454546
Davidson,Tennessee,75,0,0,0%,36.16956079999999,-86.78475676,2020-03-20 18:58 EDT,47,037,26.43,2.837684449489217
Williamson,Tennessee,30,0,0,0%,35.89382673,-86.89863959,2020-03-20 18:58 EDT,47,187,1.15,26.086956521739133
Hamilton,Tennessee,5,0,0,0%,35.17932044,-85.16684143,2020-03-20 18:58 EDT,47,065,9.82,0.5091649694501018
Shelby,Tennessee,4,0,0,0%,31.95656,-94.31826,2020-03-20 18:58 EDT,47,157,18.24,0.2192982456140351
Sumner,Tennessee,3,0,0,0%,36.46946208,-86.46033197,2020-03-20 18:58 EDT,47,165,1.25,2.4
Knox,Tennessee,2,0,0,0%,35.9956069,-83.93465204,2020-03-20 18:58 EDT,47,093,12.38,0.16155088852988692
Washington,Tennessee,2,2,0,0%,36.29303644500004,-82.49751268099999,2020-03-20 18:58 EDT,47,179,4.53,0.44150110375275936
Sullivan,Tennessee,1,0,0,0%,36.51280182,-82.30449503,2020-03-20 18:58 EDT,47,163,2.63,0.3802281368821293
Jefferson,Tennessee,1,0,0,0%,36.05717538,-83.45179448,2020-03-20 18:58 EDT,47,089,1.5,0.6666666666666666
Rutherford,Tennessee,1,0,0,0%,35.84274327,-86.41675248,2020-03-20 18:58 EDT,47,149,5.1,0.19607843137254904
Campbell,Tennessee,1,0,0,0%,36.40345626,-84.14936087,2020-03-20 18:58 EDT,47,013,0.52,1.923076923076923
Sevier,Tennessee,1,0,0,0%,35.78406841,-83.52422241,2020-03-20 18:58 EDT,47,155,0.98,1.0204081632653061
Cheatham,Tennessee,1,0,0,0%,36.26137095,-87.08723567,2020-03-20 18:58 EDT,47,021,0.28,3.571428571428571
Robertson,Tennessee,1,0,0,0%,36.52542953,-86.87055295,2020-03-20 18:58 EDT,47,147,0.7,1.4285714285714286
Cumberland,Tennessee,1,0,0,0%,35.95038174600006,-84.99834053199999,2020-03-20 18:58 EDT,47,035,0.64,1.5625
Fayette,Tennessee,1,0,0,0%,35.19698469700006,-89.41432942200001,2020-03-20 18:58 EDT,47,047,0.42,2.380952380952381
Dyer,Tennessee,1,0,0,0%,36.05918875200007,-89.40870014599994,2020-03-20 18:58 EDT,47,045,0.52,1.923076923076923
Montgomery,Tennessee,1,0,0,0%,36.497058544000026,-87.382889833,2020-03-20 18:58 EDT,47,125,3.84,0.2604166666666667
Wilson,Tennessee,1,0,0,0%,36.15494367300005,-86.29769083499997,2020-03-20 18:58 EDT,47,189,1.39,0.7194244604316548
Carroll,Tennessee,1,0,0,0%,35.97309811700006,-88.45021936999996,2020-03-20 18:58 EDT,47,017,1.3,0.7692307692307692
Greene,Tennessee,1,1,0,0%,36.175342012000044,-82.84593662099995,2020-03-20 18:58 EDT,47,059,1.83,0.5464480874316939
Bradley,Tennessee,1,1,0,0%,35.154065210000056,-84.85956561299997,2020-03-20 18:58 EDT,47,011,2.76,0.3623188405797102
Milwaukee,Wisconsin,85,23,1,1.2%,43.042,-87.90687,2020-03-20 18:58 EDT,55,079,22.85,3.719912472647702
Dane,Wisconsin,32,5,0,0%,43.2509,-89.51829000000002,2020-03-20 18:58 EDT,55,025,12.8,2.5
Waukesha,Wisconsin,15,3,0,0%,43.01458,-88.23548000000002,2020-03-20 18:58 EDT,55,133,5.52,2.717391304347826
Fond du Lac,Wisconsin,14,0,1,7.1%,43.77302,-88.44709,2020-03-20 18:58 EDT,55,039,3.54,3.9548022598870056
Ozaukee,Wisconsin,7,4,1,14.3%,43.38406045,-87.95080924,2020-03-20 18:58 EDT,55,089,1.88,3.7234042553191493
Sheboygan,Wisconsin,6,0,0,0%,43.74978,-87.71343,2020-03-20 18:58 EDT,55,117,2.79,2.150537634408602
Winnebago,Wisconsin,5,0,0,0%,44.07516,-88.52521999999998,2020-03-20 18:58 EDT,55,139,7.62,0.6561679790026247
Columbia,Wisconsin,5,1,0,0%,43.466630000000066,-89.33374584699999,2020-03-20 18:58 EDT,55,021,1.41,3.546099290780142
Kenosha,Wisconsin,4,0,0,0%,42.58808,-87.82326,2020-03-20 18:58 EDT,55,059,4.39,0.9111617312072894
La Crosse,Wisconsin,4,0,0,0%,43.81267,-91.25206,2020-03-20 18:58 EDT,55,063,5.57,0.718132854578097
Racine,Wisconsin,3,0,0,0%,42.72564000000001,-87.78955,2020-03-20 18:58 EDT,55,101,5,0.6
Washington,Wisconsin,3,1,0,0%,43.36846263,-88.23074627,2020-03-20 18:58 EDT,55,131,1.03,2.912621359223301
Walworth,Wisconsin,3,1,0,0%,42.66860085,-88.54195408,2020-03-20 18:58 EDT,55,127,3.07,0.977198697068404
Outagamie,Wisconsin,2,1,0,0%,44.41615179,-88.46497822,2020-03-20 18:58 EDT,55,087,2.97,0.6734006734006733
Brown,Wisconsin,2,0,0,0%,44.45262729,-88.00370915,2020-03-20 18:58 EDT,55,009,6.52,0.3067484662576687
Sauk,Wisconsin,2,1,0,0%,43.426693129000064,-89.94833280099995,2020-03-20 18:58 EDT,55,111,0.7,2.857142857142857
St. Croix,Wisconsin,2,1,0,0%,45.767184084000064,-92.14814144999997,2020-03-20 18:58 EDT,55,109,0.74,2.7027027027027026
Rock,Wisconsin,2,1,0,0%,42.67120760500006,-89.07156318399996,2020-03-20 18:58 EDT,55,105,2.69,0.7434944237918216
Pierce,Wisconsin,1,0,0,0%,44.72273325,-92.42192317,2020-03-20 18:58 EDT,55,093,2.78,0.3597122302158274
Wood,Wisconsin,1,0,0,0%,44.47523,-90.16062,2020-03-20 18:58 EDT,55,141,0.78,1.282051282051282
Calumet,Wisconsin,1,0,0,0%,44.08345086000003,-88.18359014799995,2020-03-20 18:58 EDT,55,015,0.16,6.25
Eau Claire,Wisconsin,1,0,0,0%,44.81658,-91.50077,2020-03-20 18:58 EDT,55,035,4.6,0.2173913043478261
Bayfield,Wisconsin,1,0,0,0%,46.52358986800005,-91.20084099699993,2020-03-20 18:58 EDT,55,007,0.12,8.333333333333334
Dunn,Wisconsin,1,0,0,0%,44.94656917300006,-91.89636357799999,2020-03-20 18:58 EDT,55,033,3.26,0.3067484662576687
Chippewa,Wisconsin,1,0,0,0%,45.06939638900008,-91.27989200099995,2020-03-20 18:58 EDT,55,017,2.69,0.3717472118959108
Marathon,Wisconsin,1,1,0,0%,44.89828784200007,-89.75909446399997,2020-03-20 18:58 EDT,55,073,1.56,0.641025641025641
Jefferson,Wisconsin,1,1,0,0%,43.020760652000035,-88.77587692299994,2020-03-20 18:58 EDT,55,055,2.99,0.33444816053511706
Douglas,Wisconsin,1,1,0,0%,46.43154107900006,-91.91539377899994,2020-03-20 18:58 EDT,55,031,1.38,0.7246376811594204
Green,Wisconsin,1,1,0,0%,42.67997489600003,-89.60226990099994,2020-03-20 18:58 EDT,55,045,0.39,2.564102564102564
Fairfield,Connecticut,122,20,3,2.5%,41.16633,-73.22876,2020-03-20 18:58 EDT,09,001,19.6,6.224489795918367
Hartford,Connecticut,29,11,0,0%,41.76375,-72.67394,2020-03-20 18:58 EDT,09,003,26.01,1.114955786236063
New Haven,Connecticut,23,0,0,0%,41.30801,-72.92432,2020-03-20 18:58 EDT,09,009,29.66,0.7754551584625758
Litchfield,Connecticut,8,1,0,0%,41.74626,-73.18895,2020-03-20 18:58 EDT,09,005,2.47,3.2388663967611335
Middlesex,Connecticut,5,2,0,0%,41.46306660000001,-72.53470405,2020-03-20 18:58 EDT,09,007,4.66,1.0729613733905579
Tolland,Connecticut,4,0,0,0%,41.85504483,-72.33656749,2020-03-20 18:58 EDT,09,013,15.02,0.2663115845539281
Windham,Connecticut,2,0,0,0%,41.829947514000025,-71.98750959399995,2020-03-20 18:58 EDT,09,015,4.69,0.42643923240938164
New London,Connecticut,1,1,0,0%,41.35650000000004,-72.09625999999997,2020-03-20 18:58 EDT,09,011,11.13,0.08984725965858041
Cuyahoga,Ohio,69,16,0,0%,41.42441485,-81.65858169,2020-03-20 18:58 EDT,39,035,29.96,2.3030707610146863
Franklin,Ohio,14,4,0,0%,39.96947128,-83.00933072,2020-03-20 18:58 EDT,39,049,30.78,0.4548408057179987
Butler,Ohio,12,4,0,0%,39.43863845,-84.57616769,2020-03-20 18:58 EDT,39,017,11.77,1.0195412064570943
Summit,Ohio,10,4,0,0%,41.12591572,-81.53218826,2020-03-20 18:58 EDT,39,153,10.35,0.9661835748792271
Lorain,Ohio,10,4,0,0%,41.4682,-82.17815,2020-03-20 18:58 EDT,39,093,8.62,1.160092807424594
Mahoning,Ohio,7,2,0,0%,41.01464431,-80.77623825,2020-03-20 18:58 EDT,39,099,9.14,0.7658643326039387
Hamilton,Ohio,7,6,0,0%,39.19604613300004,-84.54207829299997,2020-03-20 18:58 EDT,39,061,22.43,0.3120820329915292
Stark,Ohio,6,1,0,0%,40.81390964,-81.3656565,2020-03-20 18:58 EDT,39,151,8.84,0.6787330316742082
Medina,Ohio,6,1,0,0%,41.14042,-81.86402,2020-03-20 18:58 EDT,39,103,1.2,5.0
Trumbull,Ohio,3,1,0,0%,41.31706712,-80.7611827,2020-03-20 18:58 EDT,39,155,3.14,0.9554140127388535
Lake,Ohio,3,1,0,0%,41.69640842,-81.23731889,2020-03-20 18:58 EDT,39,085,2.81,1.0676156583629892
Belmont,Ohio,2,0,0,0%,40.02955,-81.03891,2020-03-20 18:58 EDT,39,013,3.83,0.5221932114882506
Lucas,Ohio,2,0,1,50%,41.61985841,-83.65977665,2020-03-20 18:58 EDT,39,095,9.82,0.20366598778004072
Coshocton,Ohio,2,0,0,0%,40.3016178,-81.92001377,2020-03-20 18:58 EDT,39,031,0.43,4.651162790697675
Delaware,Ohio,2,0,0,0%,40.27842038,-83.00497693,2020-03-20 18:58 EDT,39,041,2.21,0.9049773755656109
Miami,Ohio,2,1,1,50%,40.05344879300003,-84.22890719499998,2020-03-20 18:58 EDT,39,109,1.06,1.8867924528301885
Warren,Ohio,2,2,0,0%,39.42756348900008,-84.16668839399995,2020-03-20 18:58 EDT,39,165,5.49,0.36429872495446264
Tuscarawas,Ohio,1,0,0,0%,40.39758,-81.40727,2020-03-20 18:58 EDT,39,157,1.25,0.8
Geauga,Ohio,1,0,0,0%,41.49954507,-81.17858376,2020-03-20 18:58 EDT,39,055,0.86,1.1627906976744187
Darke,Ohio,1,0,0,0%,40.13323815,-84.61936159,2020-03-20 18:58 EDT,39,037,0.61,1.639344262295082
Huron,Ohio,1,0,0,0%,41.14620646,-82.59834972,2020-03-20 18:58 EDT,39,077,0.58,1.7241379310344829
Ashland,Ohio,1,0,0,0%,40.84598539,-82.27068220000002,2020-03-20 18:58 EDT,39,005,2.35,0.425531914893617
Montgomery,Ohio,1,0,0,0%,39.75468776,-84.29097551,2020-03-20 18:58 EDT,39,113,15.4,0.06493506493506493
Clark,Ohio,1,0,0,0%,39.91665401000006,-83.78374972299997,2020-03-20 18:58 EDT,39,023,3.72,0.26881720430107525
Richland,Ohio,1,0,0,0%,40.77469823200005,-82.53644022799996,2020-03-20 18:58 EDT,39,139,7.33,0.1364256480218281
Marion,Ohio,1,1,0,0%,40.58720530100004,-83.16076959399999,2020-03-20 18:58 EDT,39,101,6.02,0.16611295681063123
Licking,Ohio,1,1,0,0%,40.09168118900004,-82.48310277199994,2020-03-20 18:58 EDT,39,089,3.6,0.2777777777777778
Union,Ohio,1,1,0,0%,40.29941409500003,-83.37163686799994,2020-03-20 18:58 EDT,39,159,2.74,0.36496350364963503
Ashtabula,Ohio,1,1,0,0%,41.70741071400005,-80.74821491699998,2020-03-20 18:58 EDT,39,007,3.44,0.29069767441860467
Defiance,Ohio,1,1,0,0%,41.323913952000055,-84.49049982599996,2020-03-20 18:58 EDT,39,039,0.74,1.3513513513513513
Mecklenburg,North Carolina,43,11,0,0%,35.24147789,-80.83080552,2020-03-20 18:58 EDT,37,119,17.48,2.459954233409611
Durham,North Carolina,35,0,0,0%,35.99542,-78.89644,2020-03-20 18:58 EDT,37,063,13.91,2.516175413371675
Wake,North Carolina,25,0,0,0%,35.79010846,-78.65039764,2020-03-20 18:58 EDT,37,183,21.8,1.146788990825688
Forsyth,North Carolina,7,2,0,0%,36.13053703,-80.25630221,2020-03-20 18:58 EDT,37,067,10.8,0.6481481481481481
Harnett,North Carolina,6,0,0,0%,35.34117,-78.78837,2020-03-20 18:58 EDT,37,085,3.39,1.7699115044247786
Guilford,North Carolina,4,1,0,0%,36.07946818,-79.78897008,2020-03-20 18:58 EDT,37,081,19.21,0.20822488287350338
Orange,North Carolina,4,4,0,0%,36.06139661,-79.12059608,2020-03-20 18:58 EDT,37,135,8.21,0.48721071863580995
Franklin,North Carolina,4,4,0,0%,36.08274481500007,-78.28560030499995,2020-03-20 18:58 EDT,37,069,1.52,2.6315789473684212
Chatham,North Carolina,3,0,0,0%,35.70262985,-79.25541576,2020-03-20 18:58 EDT,37,037,0.76,3.9473684210526314
Johnston,North Carolina,2,0,0,0%,35.51765595,-78.36573857,2020-03-20 18:58 EDT,37,101,1.71,1.1695906432748537
Cabarrus,North Carolina,2,1,0,0%,35.2372,-80.5423,2020-03-20 18:58 EDT,37,025,1.36,1.4705882352941175
Brunswick,North Carolina,2,1,0,0%,34.07059384,-78.23749682,2020-03-20 18:58 EDT,37,019,0.84,2.380952380952381
Craven,North Carolina,2,0,0,0%,35.11728658,-77.08247035,2020-03-20 18:58 EDT,37,049,5.44,0.3676470588235294
Watauga,North Carolina,2,0,0,0%,36.23101355,-81.69645582,2020-03-20 18:58 EDT,37,189,5.9,0.3389830508474576
Wilson,North Carolina,2,0,0,0%,35.72196,-77.91637,2020-03-20 18:58 EDT,37,195,1.51,1.3245033112582782
Iredell,North Carolina,2,0,0,0%,35.8311,-80.8987,2020-03-20 18:58 EDT,37,097,1.24,1.6129032258064517
Union,North Carolina,2,0,0,0%,34.98832565,-80.53074453,2020-03-20 18:58 EDT,37,179,2.66,0.7518796992481203
Moore,North Carolina,2,0,0,0%,35.3106825,-79.48131025,2020-03-20 18:58 EDT,37,125,0.79,2.531645569620253
Pitt,North Carolina,2,1,0,0%,35.59351086,-77.37466837,2020-03-20 18:58 EDT,37,147,6.71,0.29806259314456035
Rowan,North Carolina,2,1,0,0%,35.63958871900007,-80.52470939599993,2020-03-20 18:58 EDT,37,159,4.35,0.4597701149425288
Cumberland,North Carolina,2,0,0,0%,35.04862487900005,-78.82739224999995,2020-03-20 18:58 EDT,37,051,15.29,0.13080444735120994
Onslow,North Carolina,1,0,0,0%,34.73346891,-77.42966411,2020-03-20 18:58 EDT,37,133,21.38,0.046772684752104776
Wayne,North Carolina,1,0,0,0%,35.36376229,-78.0041603,2020-03-20 18:58 EDT,37,191,2.31,0.4329004329004329
Sampson,North Carolina,1,0,0,0%,34.99160724,-78.37157696,2020-03-20 18:58 EDT,37,163,0.99,1.0101010101010102
Lincoln,North Carolina,1,0,0,0%,35.48576876,-81.23065125,2020-03-20 18:58 EDT,37,109,0.71,1.4084507042253522
Gaston,North Carolina,1,0,0,0%,35.29417636,-81.18015484,2020-03-20 18:58 EDT,37,071,3.41,0.29325513196480935
New Hanover,North Carolina,1,0,0,0%,34.23292157,-77.88477524,2020-03-20 18:58 EDT,37,129,8.51,0.11750881316098707
Buncombe,North Carolina,1,0,0,0%,35.61113256,-82.53009394,2020-03-20 18:58 EDT,37,021,7.68,0.13020833333333334
Hoke,North Carolina,1,0,0,0%,35.01729402,-79.23716267,2020-03-20 18:58 EDT,37,093,0.94,1.0638297872340425
Davidson,North Carolina,1,0,0,0%,35.79317657800004,-80.21270474399995,2020-03-20 18:58 EDT,37,057,1.61,0.6211180124223602
Pasquotank,North Carolina,1,0,0,0%,36.28883220500006,-76.27236840499995,2020-03-20 18:58 EDT,37,139,1.86,0.5376344086021505
Alamance,North Carolina,1,1,0,0%,36.04397206900006,-79.39945153199994,2020-03-20 18:58 EDT,37,001,6.01,0.1663893510815308
Lee,North Carolina,1,1,0,0%,35.475059921000025,-79.17154053999997,2020-03-20 18:58 EDT,37,105,1.06,0.9433962264150942
Catawba,North Carolina,1,1,0,0%,35.663994470000034,-81.21952830499998,2020-03-20 18:58 EDT,37,035,2.57,0.38910505836575876
Cleveland,North Carolina,1,1,0,0%,35.334172849000026,-81.55568142899995,2020-03-20 18:58 EDT,37,045,1.94,0.5154639175257733
Chowan,North Carolina,1,1,0,0%,36.151895399000075,-76.61561742499998,2020-03-20 18:58 EDT,37,041,0.26,3.846153846153846
Carteret,North Carolina,1,1,0,0%,34.83797334500007,-76.66536331799995,2020-03-20 18:58 EDT,37,031,1,1.0
Montgomery,Maryland,51,18,0,0%,39.13636819,-77.20403165,2020-03-20 18:58 EDT,24,031,9.01,5.660377358490567
Prince George's,Maryland,31,8,1,3.2%,38.82838616,-76.84587073,2020-03-20 18:58 EDT,24,033,20.01,1.5492253873063466
Howard,Maryland,18,2,0,0%,39.25112784,-76.9312584,2020-03-20 18:58 EDT,24,027,1.69,10.650887573964498
Baltimore,Maryland,13,1,0,0%,39.29058,-76.60925999999998,2020-03-20 18:58 EDT,24,005,21.42,0.6069094304388422
Anne Arundel,Maryland,9,4,0,0%,39.00889701,-76.60328627,2020-03-20 18:58 EDT,24,003,14.99,0.600400266844563
Harford,Maryland,5,2,0,0%,39.55444035,-76.31583955,2020-03-20 18:58 EDT,24,025,2.75,1.8181818181818181
Carroll,Maryland,4,2,0,0%,39.5629588,-77.02246566,2020-03-20 18:58 EDT,24,013,3.37,1.1869436201780414
Charles,Maryland,2,0,0,0%,38.47410423,-77.01286707,2020-03-20 18:58 EDT,24,017,1.41,1.4184397163120568
Talbot,Maryland,1,0,0,0%,38.75926446,-76.11366953,2020-03-20 18:58 EDT,24,041,0.37,2.7027027027027026
Frederick,Maryland,1,0,0,0%,39.41574,-77.41203,2020-03-20 18:58 EDT,24,021,4.35,0.2298850574712644
Calvert,Maryland,1,0,0,0%,38.54020822,-76.56511395,2020-03-20 18:58 EDT,24,009,0.64,1.5625
Wicomico,Maryland,1,1,0,0%,38.37029174600008,-75.62980988099997,2020-03-20 18:58 EDT,24,045,4.88,0.20491803278688525
Worcester,Maryland,1,1,0,0%,38.22216753400005,-75.35774124599999,2020-03-20 18:58 EDT,24,047,0.72,1.3888888888888888
Kershaw,South Carolina,36,7,0,0%,34.33892207,-80.59029602,2020-03-20 18:58 EDT,45,055,0.4,90.0
Richland,South Carolina,22,14,0,0%,34.02145286,-80.90134504,2020-03-20 18:58 EDT,45,079,31.2,0.7051282051282052
Greenville,South Carolina,12,5,0,0%,34.84827,-82.40011,2020-03-20 18:58 EDT,45,045,10.94,1.096892138939671
Beaufort,South Carolina,8,1,0,0%,32.43119,-80.66993000000002,2020-03-20 18:58 EDT,45,013,5.53,1.4466546112115732
Lexington,South Carolina,8,3,1,12.5%,33.98105,-81.23595,2020-03-20 18:58 EDT,45,063,2.34,3.418803418803419
Horry,South Carolina,8,2,0,0%,33.93188,-79.1347,2020-03-20 18:58 EDT,45,051,3.83,2.0887728459530024
Charleston,South Carolina,6,1,0,0%,32.78115,-79.9316,2020-03-20 18:58 EDT,45,019,10.86,0.5524861878453039
Anderson,South Carolina,6,3,0,0%,34.500609999999995,-82.64962,2020-03-20 18:58 EDT,45,007,2.95,1.694915254237288
Lancaster,South Carolina,3,0,0,0%,34.72096,-80.77112,2020-03-20 18:58 EDT,45,057,1.98,1.5151515151515151
Spartanburg,South Carolina,1,0,0,0%,34.94838,-81.93494,2020-03-20 18:58 EDT,45,083,8.27,0.12091898428053205
Fairfield,South Carolina,1,0,0,0%,34.39518619,-81.12116934,2020-03-20 18:58 EDT,45,039,0.4,2.5
Calhoun,South Carolina,1,0,0,0%,33.67595941,-80.78363901,2020-03-20 18:58 EDT,45,017,0.16,6.25
York,South Carolina,1,0,0,0%,34.97475038,-81.18448769,2020-03-20 18:58 EDT,45,091,3.7,0.27027027027027023
Dorchester,South Carolina,1,0,0,0%,33.07954661,-80.40549017,2020-03-20 18:58 EDT,45,035,1.8,0.5555555555555556
Lee,South Carolina,1,0,0,0%,34.16328963,-80.25444247,2020-03-20 18:58 EDT,45,061,1.6,0.625
Abbeville,South Carolina,1,0,0,0%,34.22258416000005,-82.45866128499995,2020-03-20 18:58 EDT,45,001,0.93,1.075268817204301
Saluda,South Carolina,1,0,0,0%,34.00477885600003,-81.72960193799997,2020-03-20 18:58 EDT,45,081,0.29,3.4482758620689657
James City,Virginia,19,5,1,5.3%,37.31327387,-76.77335259,2020-03-20 18:58 EDT,51,095,1.14,16.666666666666668
Arlington,Virginia,17,0,0,0%,38.8905,-77.08629,2020-03-20 18:58 EDT,51,013,2.88,5.902777777777778
Fairfax,Virginia,16,0,0,0%,38.84179,-77.30887,2020-03-20 18:58 EDT,51,059,10.62,1.5065913370998119
Prince William,Virginia,12,1,0,0%,38.7024474,-77.4800235,2020-03-20 18:58 EDT,51,153,2.7,4.444444444444444
Loudoun,Virginia,9,4,0,0%,39.09069908,-77.63564793,2020-03-20 18:58 EDT,51,107,1.7,5.294117647058823
Chesterfield,Virginia,6,0,0,0%,37.37756,-77.50816999999998,2020-03-20 18:58 EDT,51,041,4.56,1.3157894736842106
York,Virginia,3,2,1,33.3%,37.24188617,-76.55913612,2020-03-20 18:58 EDT,51,199,0.65,4.615384615384615
Henrico,Virginia,3,0,0,0%,37.5059,-77.3324,2020-03-20 18:58 EDT,51,087,2.75,1.0909090909090908
Stafford,Virginia,2,0,0,0%,38.42346,-77.40816,2020-03-20 18:58 EDT,51,179,3.46,0.5780346820809249
Spotsylvania,Virginia,1,0,0,0%,38.20174,-77.58855,2020-03-20 18:58 EDT,51,177,0.52,1.923076923076923
Hanover,Virginia,1,0,0,0%,37.76881,-77.37109,2020-03-20 18:58 EDT,51,085,1.95,0.5128205128205129
Prince Edward,Virginia,1,0,0,0%,37.22429738,-78.44105653,2020-03-20 18:58 EDT,51,147,4.05,0.2469135802469136
Goochland,Virginia,1,0,0,0%,37.72201887,-77.91622239,2020-03-20 18:58 EDT,51,075,0.98,1.0204081632653061
Charles City,Virginia,1,0,0,0%,37.34197,-77.0725,2020-03-20 18:58 EDT,51,036,0,inf
Albemarle,Virginia,1,0,0,0%,38.02284365100007,-78.55658355099996,2020-03-20 18:58 EDT,51,003,6.69,0.14947683109118085
Gloucester,Virginia,1,0,0,0%,37.411142591000036,-76.53781434499996,2020-03-20 18:58 EDT,51,073,0.29,3.4482758620689657
Botetourt,Virginia,1,0,0,0%,37.55715182000007,-79.81229350899997,2020-03-20 18:58 EDT,51,023,0.29,3.4482758620689657
Accomack,Virginia,1,1,0,0%,37.762872628000025,-75.65193639399995,2020-03-20 18:58 EDT,51,001,0.43,2.3255813953488373
Mecklenburg,Virginia,1,1,0,0%,36.68677701200004,-78.35944439899998,2020-03-20 18:58 EDT,51,117,0.93,1.075268817204301
Rockbridge,Virginia,1,1,0,0%,37.814569108000065,-79.44756207499995,2020-03-20 18:58 EDT,51,163,0.5,2.0
Hennepin,Minnesota,45,13,0,0%,45.00575776,-93.4749321,2020-03-20 18:58 EDT,27,053,25.92,1.736111111111111
Ramsey,Minnesota,16,4,0,0%,45.01812241,-93.09961678,2020-03-20 18:58 EDT,27,123,17.44,0.9174311926605504
Olmsted,Minnesota,11,5,0,0%,44.00379942,-92.40181819,2020-03-20 18:58 EDT,27,109,2.37,4.641350210970464
Dakota,Minnesota,7,0,0,0%,44.67098069,-93.06667775,2020-03-20 18:58 EDT,27,037,2.82,2.4822695035460995
Anoka,Minnesota,5,0,0,0%,45.19833,-93.38997,2020-03-20 18:58 EDT,27,003,2.96,1.6891891891891893
Stearns,Minnesota,4,1,0,0%,45.55209682,-94.61375674,2020-03-20 18:58 EDT,27,145,7.29,0.5486968449931413
Martin,Minnesota,4,1,0,0%,43.67434914,-94.55104942,2020-03-20 18:58 EDT,27,091,0.35,11.428571428571429
Carver,Minnesota,3,0,0,0%,44.76325,-93.62524,2020-03-20 18:58 EDT,27,019,0.88,3.409090909090909
Washington,Minnesota,3,0,0,0%,45.04110113,-92.88337857,2020-03-20 18:58 EDT,27,163,3.55,0.8450704225352114
Wright,Minnesota,2,0,0,0%,45.17344199,-93.9635579,2020-03-20 18:58 EDT,27,171,1.11,1.8018018018018016
Nicollet,Minnesota,2,0,0,0%,44.34967975,-94.24686405,2020-03-20 18:58 EDT,27,103,2.83,0.7067137809187279
Scott,Minnesota,2,1,0,0%,44.648511,-93.535747,2020-03-20 18:58 EDT,27,139,1.31,1.5267175572519083
Renville,Minnesota,1,0,0,0%,44.78921,-95.21243,2020-03-20 18:58 EDT,27,129,0.34,2.941176470588235
Waseca,Minnesota,1,0,0,0%,44.07804,-93.50742,2020-03-20 18:58 EDT,27,161,0.96,1.0416666666666667
Benton,Minnesota,1,0,0,0%,45.7211,-93.9733,2020-03-20 18:58 EDT,27,009,1.05,0.9523809523809523
Mower,Minnesota,1,0,0,0%,43.67148238500005,-92.75250118299994,2020-03-20 18:58 EDT,27,099,0.63,1.5873015873015872
Rice,Minnesota,1,0,0,0%,44.35426198300007,-93.29671495199995,2020-03-20 18:58 EDT,27,131,7.31,0.13679890560875513
Chisago,Minnesota,1,1,0,0%,45.50246048500003,-92.90834469899994,2020-03-20 18:58 EDT,27,025,1.68,0.5952380952380952
Clay,Minnesota,1,1,0,0%,46.89234788600004,-96.49073783899996,2020-03-20 18:58 EDT,27,027,2.92,0.3424657534246575
Washington,Oregon,31,6,1,3.2%,45.56005965,-123.098408,2020-03-20 18:58 EDT,41,067,7.35,4.217687074829932
Linn,Oregon,18,1,0,0%,44.4887414,-122.5343983,2020-03-20 18:58 EDT,41,043,1.08,16.666666666666664
Marion,Oregon,17,4,0,0%,44.75045,-122.94052,2020-03-20 18:58 EDT,41,047,10.76,1.579925650557621
Multnomah,Oregon,12,5,1,8.3%,45.46975,-122.70562,2020-03-20 18:58 EDT,41,051,19.04,0.6302521008403361
Clackamas,Oregon,10,4,0,0%,45.41211,-122.56909,2020-03-20 18:58 EDT,41,005,2.92,3.4246575342465753
Deschutes,Oregon,8,2,0,0%,44.15924,-121.25967,2020-03-20 18:58 EDT,41,017,1.38,5.797101449275363
Yamhill,Oregon,4,2,0,0%,45.34037,-123.18787,2020-03-20 18:58 EDT,41,071,5.43,0.7366482504604052
Benton,Oregon,3,0,0,0%,44.491835896000055,-123.42929181899996,2020-03-20 18:58 EDT,41,003,5.33,0.5628517823639775
Jackson,Oregon,2,0,0,0%,42.4321189,-122.7284862,2020-03-20 18:58 EDT,41,029,3.63,0.5509641873278237
Umatilla,Oregon,2,0,0,0%,45.91768,-119.34203,2020-03-20 18:58 EDT,41,059,4.19,0.477326968973747
Lane,Oregon,2,0,1,50%,43.93873498,-122.8479273,2020-03-20 18:58 EDT,41,039,8.79,0.22753128555176338
Klamath,Oregon,1,0,0,0%,42.69219137,-121.6433518,2020-03-20 18:58 EDT,41,035,1.03,0.970873786407767
Douglas,Oregon,1,0,0,0%,43.27977096,-123.1664872,2020-03-20 18:58 EDT,41,019,1.82,0.5494505494505494
Polk,Oregon,1,0,0,0%,44.90373452,-123.4127777,2020-03-20 18:58 EDT,41,053,1.84,0.5434782608695652
Grant,Oregon,1,1,0,0%,44.49139626600005,-119.00741769700001,2020-03-20 18:58 EDT,41,023,0.11,9.090909090909092
Union,Oregon,1,1,0,0%,45.310349342000045,-118.00903351399995,2020-03-20 18:58 EDT,41,061,0.66,1.5151515151515151
Clark,Nevada,74,5,1,1.4%,36.21709974,-115.0246913,2020-03-20 18:58 EDT,32,003,22.98,3.2201914708442123
Washoe,Nevada,14,0,0,0%,40.68696023,-119.665991,2020-03-20 18:58 EDT,32,031,5.31,2.6365348399246704
Carson City,Nevada,2,1,0,0%,39.16506,-119.76697,2020-03-20 18:58 EDT,32,510,2.83,0.7067137809187279
Salt Lake,Utah,44,15,0,0%,40.76031,-111.88822,2020-03-20 18:58 EDT,49,035,14.85,2.9629629629629632
Summit,Utah,28,9,0,0%,40.86809857,-110.9558464,2020-03-20 18:58 EDT,49,043,0.11,254.54545454545453
Davis,Utah,12,6,0,0%,40.99973617,-111.9800051,2020-03-20 18:58 EDT,49,011,3.07,3.908794788273616
Wasatch,Utah,4,1,0,0%,40.3304771,-111.1683986,2020-03-20 18:58 EDT,49,051,0.25,16.0
Tooele,Utah,2,1,0,0%,40.53408,-112.29849,2020-03-20 18:58 EDT,49,045,0.32,6.25
Utah,Utah,2,0,0,0%,40.11356385,-111.6594534,2020-03-20 18:58 EDT,49,049,13.97,0.14316392269148173
Cache,Utah,2,0,0,0%,41.72244399,-111.7435477,2020-03-20 18:58 EDT,49,005,3.84,0.5208333333333334
Box Elder,Utah,1,0,0,0%,41.55653871100003,-113.16810062199993,2020-03-20 18:58 EDT,49,003,0.34,2.941176470588235
Jefferson,Alabama,50,16,0,0%,33.55427371,-86.89648912,2020-03-20 18:58 EDT,01,073,16.69,2.9958058717795084
Lee,Alabama,11,1,0,0%,32.60103513,-85.35548613,2020-03-20 18:58 EDT,01,081,4.96,2.217741935483871
Shelby,Alabama,10,1,0,0%,33.113,-86.58361,2020-03-20 18:58 EDT,01,117,2.51,3.9840637450199208
Madison,Alabama,7,2,0,0%,34.76311801,-86.55018951,2020-03-20 18:58 EDT,01,089,8.32,0.8413461538461539
Elmore,Alabama,5,0,0,0%,32.54165,-86.31093,2020-03-20 18:58 EDT,01,051,5.02,0.9960159362549802
Tuscaloosa,Alabama,4,0,0,0%,33.21042,-87.56625,2020-03-20 18:58 EDT,01,125,10.56,0.3787878787878788
Montgomery,Alabama,3,0,0,0%,32.38015,-86.30008000000002,2020-03-20 18:58 EDT,01,101,9.12,0.32894736842105265
Baldwin,Alabama,3,2,0,0%,30.73589116,-87.72352514,2020-03-20 18:58 EDT,01,003,2.19,1.36986301369863
Mobile,Alabama,3,2,0,0%,30.789890194000073,-88.20635938899994,2020-03-20 18:58 EDT,01,097,7.28,0.41208791208791207
Chambers,Alabama,2,1,0,0%,32.91425002,-85.39199738,2020-03-20 18:58 EDT,01,017,0.46,4.3478260869565215
Limestone,Alabama,1,0,0,0%,34.81489201,-86.97728456,2020-03-20 18:58 EDT,01,083,2.7,0.37037037037037035
St. Clair,Alabama,1,0,0,0%,33.653,-86.3377,2020-03-20 18:58 EDT,01,115,1.56,0.641025641025641
Calhoun,Alabama,1,0,0,0%,33.77138006,-85.82610844,2020-03-20 18:58 EDT,01,015,2.74,0.36496350364963503
Talladega,Alabama,1,0,0,0%,33.38013838,-86.16584527,2020-03-20 18:58 EDT,01,121,2.94,0.3401360544217687
Walker,Alabama,1,0,0,0%,33.7422,-87.25376,2020-03-20 18:58 EDT,01,127,0.85,1.1764705882352942
Jefferson,Arkansas,3,0,0,0%,34.37911,-92.16608,2020-03-20 18:58 EDT,05,069,5.4,0.5555555555555555
Washington,Arkansas,1,0,0,0%,35.97848657,-94.21608058,2020-03-20 18:58 EDT,05,143,8.27,0.12091898428053205
Marion,Indiana,25,0,2,8%,39.78174364,-86.13841490000001,2020-03-20 18:58 EDT,18,097,16.47,1.5179113539769278
St. Joseph,Indiana,6,0,0,0%,41.61672009,-86.28991117,2020-03-20 18:58 EDT,18,141,11.34,0.5291005291005291
Lake,Indiana,6,0,0,0%,41.4166063,-87.38217401,2020-03-20 18:58 EDT,18,089,6.42,0.9345794392523364
Howard,Indiana,5,0,0,0%,40.48359609,-86.11686027,2020-03-20 18:58 EDT,18,067,1.28,3.90625
Hamilton,Indiana,5,0,0,0%,40.07251369,-86.05201795,2020-03-20 18:58 EDT,18,057,1.87,2.6737967914438503
Floyd,Indiana,5,3,0,0%,38.3189831,-85.90692978,2020-03-20 18:58 EDT,18,043,1.33,3.7593984962406015
Hendricks,Indiana,4,0,0,0%,39.483833,-86.068651,2020-03-20 18:58 EDT,18,063,4.05,0.9876543209876544
Johnson,Indiana,4,0,1,25%,39.48998224,-86.10160833,2020-03-20 18:58 EDT,18,081,2.45,1.6326530612244896
Allen,Indiana,4,2,0,0%,41.090861405000055,-85.06653711099996,2020-03-20 18:58 EDT,18,003,6.11,0.6546644844517184
Boone,Indiana,2,0,0,0%,40.05074486,-86.46869878,2020-03-20 18:58 EDT,18,011,0.57,3.5087719298245617
Franklin,Indiana,2,0,0,0%,39.41487151,-85.06025193,2020-03-20 18:58 EDT,18,047,0.19,10.526315789473685
Tippecanoe,Indiana,2,0,0,0%,40.38856752,-86.89409188,2020-03-20 18:58 EDT,18,157,15.86,0.12610340479192939
Noble,Indiana,1,0,0,0%,41.39858246,-85.41743879,2020-03-20 18:58 EDT,18,113,0.81,1.2345679012345678
Adams,Indiana,1,0,0,0%,40.74565068,-84.93663421,2020-03-20 18:58 EDT,18,001,0.42,2.380952380952381
Wells,Indiana,1,0,0,0%,40.72919489,-85.22121595,2020-03-20 18:58 EDT,18,179,0.47,2.127659574468085
LaPorte,Indiana,1,0,0,0%,41.6106,-86.72251999999996,2020-03-20 18:58 EDT,18,091,6.35,0.15748031496062992
Bartholomew,Indiana,1,0,0,0%,39.20594992,-85.8975923,2020-03-20 18:58 EDT,18,005,1.15,0.8695652173913044
Clark,Indiana,1,0,0,0%,38.47741675,-85.70747393,2020-03-20 18:58 EDT,18,019,1.33,0.7518796992481203
Fayette,Indiana,1,0,0,0%,39.64006518,-85.17871479,2020-03-20 18:58 EDT,18,041,0.39,2.564102564102564
Jennings,Indiana,1,0,0,0%,38.99694082,-85.62804372,2020-03-20 18:58 EDT,18,079,0.3,3.3333333333333335
Madison,Indiana,1,0,0,0%,40.16165564,-85.71935843,2020-03-20 18:58 EDT,18,095,6.18,0.16181229773462785
Wayne,Indiana,1,0,0,0%,39.86443721,-85.00984284,2020-03-20 18:58 EDT,18,177,2.71,0.36900369003690037
Owen,Indiana,1,0,0,0%,39.31272984,-86.83764090000004,2020-03-20 18:58 EDT,18,119,0.2,5.0
Vigo,Indiana,1,0,0,0%,39.430629512000046,-87.38994948599998,2020-03-20 18:58 EDT,18,167,9.59,0.10427528675703858
Vanderburgh,Indiana,1,0,0,0%,38.02586461200008,-87.58564970399998,2020-03-20 18:58 EDT,18,163,7.08,0.14124293785310735
Grant,Indiana,1,0,0,0%,40.51583936400005,-85.65471183899994,2020-03-20 18:58 EDT,18,053,4.83,0.20703933747412007
Shelby,Indiana,1,0,0,0%,39.52367017700004,-85.79166999099994,2020-03-20 18:58 EDT,18,145,0.68,1.4705882352941175
Harrison,Mississippi,8,1,0,0%,30.51215635,-89.11668435,2020-03-20 18:58 EDT,28,047,5.22,1.5325670498084292
Leflore,Mississippi,7,3,0,0%,33.55052797,-90.30106536,2020-03-20 18:58 EDT,28,083,1.49,4.697986577181208
Pearl River,Mississippi,7,0,0,0%,30.7685434,-89.58975736,2020-03-20 18:58 EDT,28,109,1.36,5.147058823529411
Hinds,Mississippi,7,1,0,0%,32.26676751,-90.4426253,2020-03-20 18:58 EDT,28,049,9.61,0.7284079084287202
Forrest,Mississippi,4,0,0,0%,31.18883949,-89.25783485,2020-03-20 18:58 EDT,28,035,2.92,1.36986301369863
Hancock,Mississippi,3,1,1,33.3%,30.416343800000003,-89.48879815,2020-03-20 18:58 EDT,28,045,0.55,5.454545454545454
Jackson,Mississippi,3,1,0,0%,30.54327789,-88.6359578,2020-03-20 18:58 EDT,28,059,1.42,2.1126760563380285
Coahoma,Mississippi,3,1,0,0%,34.22735359,-90.59769074,2020-03-20 18:58 EDT,28,027,0.76,3.9473684210526314
Madison,Mississippi,3,2,0,0%,32.63807955,-90.03502697,2020-03-20 18:58 EDT,28,089,1.75,1.7142857142857142
Holmes,Mississippi,3,2,0,0%,33.12351878,-90.09205303,2020-03-20 18:58 EDT,28,051,0.99,3.0303030303030303
Tippah,Mississippi,3,2,0,0%,34.76830267500004,-88.90889542799994,2020-03-20 18:58 EDT,28,139,0.34,8.823529411764705
Rankin,Mississippi,3,3,0,0%,32.257581723000044,-89.94376467599994,2020-03-20 18:58 EDT,28,121,5.89,0.5093378607809848
Copiah,Mississippi,2,0,0,0%,31.8693204,-90.44885969,2020-03-20 18:58 EDT,28,029,1.03,1.941747572815534
Monroe,Mississippi,2,1,0,0%,33.89226612,-88.48051389,2020-03-20 18:58 EDT,28,095,0.41,4.878048780487805
Bolivar,Mississippi,2,0,0,0%,33.79576737,-90.87602886,2020-03-20 18:58 EDT,28,011,1.67,1.1976047904191618
Perry,Mississippi,1,0,0,0%,31.17193306,-88.99230846,2020-03-20 18:58 EDT,28,111,0.1,10.0
Jones,Mississippi,1,0,0,0%,31.62253561,-89.16873777,2020-03-20 18:58 EDT,28,067,2.23,0.4484304932735426
Smith,Mississippi,1,0,0,0%,32.01768129,-89.50668357,2020-03-20 18:58 EDT,28,129,0.11,9.090909090909092
Walthall,Mississippi,1,0,0,0%,31.14842844,-90.10609793,2020-03-20 18:58 EDT,28,147,0.13,7.692307692307692
Wilkinson,Mississippi,1,0,0,0%,31.16041084,-91.30894605,2020-03-20 18:58 EDT,28,157,1.11,0.9009009009009008
Winston,Mississippi,1,0,0,0%,33.08842772,-89.03451565,2020-03-20 18:58 EDT,28,159,0.45,2.2222222222222223
Yazoo,Mississippi,1,0,0,0%,32.780320399999994,-90.39643393,2020-03-20 18:58 EDT,28,163,5.56,0.1798561151079137
Lafayette,Mississippi,1,0,0,0%,34.351338565000056,-89.47812909199995,2020-03-20 18:58 EDT,28,071,5.97,0.16750418760469013
Adams,Mississippi,1,1,0,0%,31.48370765900005,-91.347313935,2020-03-20 18:58 EDT,28,001,2.32,0.4310344827586207
Franklin,Mississippi,1,1,0,0%,31.47704776100005,-90.89774096599994,2020-03-20 18:58 EDT,28,037,0.07,14.285714285714285
Humphreys,Mississippi,1,1,0,0%,33.12872874300007,-90.52650759799995,2020-03-20 18:58 EDT,28,053,0.08,12.5
Lawrence,Mississippi,1,1,0,0%,31.550218541000053,-90.10694626199995,2020-03-20 18:58 EDT,28,077,0,inf
Lee,Mississippi,1,1,0,0%,34.28985312800006,-88.68041333699995,2020-03-20 18:58 EDT,28,081,1.06,0.9433962264150942
Marshall,Mississippi,1,1,0,0%,34.76225098700007,-89.50312329799999,2020-03-20 18:58 EDT,28,093,1.84,0.5434782608695652
Pike,Mississippi,1,1,0,0%,31.17489228800003,-90.40411758599998,2020-03-20 18:58 EDT,28,113,0.9,1.1111111111111112
Webster,Mississippi,1,1,0,0%,33.61310551300005,-89.284864753,2020-03-20 18:58 EDT,28,155,0.05,20.0
Maricopa,Arizona,34,12,0,0%,33.348824699999994,-112.4912788,2020-03-20 18:58 EDT,04,013,65.23,0.5212325617047371
Navajo,Arizona,14,11,0,0%,35.39955057,-110.3213878,2020-03-20 18:58 EDT,04,017,2.01,6.965174129353235
Pinal,Arizona,10,0,0,0%,32.90431973,-111.3447647,2020-03-20 18:58 EDT,04,021,25.31,0.39510075069142636
Pima,Arizona,8,1,0,0%,32.09727123,-111.7897671,2020-03-20 18:58 EDT,04,019,25.28,0.3164556962025316
Coconino,Arizona,8,0,0,0%,35.83777098,-111.77082620000002,2020-03-20 18:58 EDT,04,005,12.36,0.6472491909385114
Graham,Arizona,1,0,0,0%,32.87449,-109.74198,2020-03-20 18:58 EDT,04,009,2.71,0.36900369003690037
Yavapai,Arizona,1,0,0,0%,34.59984646000004,-112.55382126899995,2020-03-20 18:58 EDT,04,025,4.2,0.23809523809523808
Santa Cruz,Arizona,1,0,0,0%,31.97139000000004,-112.34313999999996,2020-03-20 18:58 EDT,04,023,0.44,2.272727272727273
Yuma,Arizona,1,1,0,0%,32.76895652400003,-113.905830295,2020-03-20 18:58 EDT,04,027,9.28,0.10775862068965518
St. Louis,Missouri,10,0,0,0%,38.62775,-90.19956,2020-03-20 18:58 EDT,29,189,19.33,0.5173305742369374
Jackson,Missouri,8,5,1,12.5%,39.00756985,-94.34626921,2020-03-20 18:58 EDT,29,095,11.07,0.7226738934056007
Boone,Missouri,8,5,1,12.5%,38.99174396,-92.30916735,2020-03-20 18:58 EDT,29,019,9.03,0.8859357696567
Greene,Missouri,6,0,0,0%,37.25804025,-93.34201853,2020-03-20 18:58 EDT,29,077,11.28,0.5319148936170213
Cass,Missouri,4,0,0,0%,38.64693149,-94.35479308,2020-03-20 18:58 EDT,29,037,1.05,3.8095238095238093
Cole,Missouri,2,0,0,0%,38.50476968,-92.28023836,2020-03-20 18:58 EDT,29,051,4.92,0.4065040650406504
Christian,Missouri,2,0,0,0%,36.9695461,-93.18880105,2020-03-20 18:58 EDT,29,043,0.58,3.4482758620689657
Henry,Missouri,1,0,0,0%,38.38842154,-93.79668046,2020-03-20 18:58 EDT,29,083,0.23,4.3478260869565215
St. Charles,Missouri,1,0,0,0%,38.78394,-90.48123,2020-03-20 18:58 EDT,29,183,5.45,0.18348623853211007
Scott,Missouri,1,0,0,0%,37.052253706000045,-89.57011805299999,2020-03-20 18:58 EDT,29,201,0.56,1.7857142857142856
Pulaski,Missouri,1,0,0,0%,37.824631986000036,-92.20758494799999,2020-03-20 18:58 EDT,29,169,9.95,0.10050251256281408
Dunklin,Missouri,1,1,0,0%,36.10584897300004,-90.16562999999996,2020-03-20 18:58 EDT,29,069,0.67,1.4925373134328357
Cumberland,Maine,35,9,0,0%,43.79028,-70.24611999999999,2020-03-20 18:58 EDT,23,005,9.18,3.812636165577342
York,Maine,5,3,0,0%,43.47852983,-70.71542947,2020-03-20 18:58 EDT,23,031,3.61,1.3850415512465375
Lincoln,Maine,4,1,0,0%,44.07018534,-69.54387103,2020-03-20 18:58 EDT,23,015,0.5,8.0
Kennebec,Maine,4,1,0,0%,44.40914805,-69.76727562,2020-03-20 18:58 EDT,23,011,3.82,1.0471204188481675
Androscoggin,Maine,3,0,0,0%,44.16587609,-70.20645861,2020-03-20 18:58 EDT,23,001,2.88,1.0416666666666667
Penobscot,Maine,2,1,0,0%,45.40051207,-68.64945726,2020-03-20 18:58 EDT,23,019,6.98,0.28653295128939826
Oxford,Maine,1,0,0,0%,44.50009572,-70.75666912,2020-03-20 18:58 EDT,23,017,0.84,1.1904761904761905
Providence,Rhode Island,44,0,0,0%,41.82387,-71.41199,2020-03-20 18:58 EDT,44,007,26.39,1.6672982190223569
Rockingham,New Hampshire,19,2,0,0%,43.04954,-70.93216,2020-03-20 18:58 EDT,33,015,2.5,7.6
Grafton,New Hampshire,10,3,0,0%,43.56212,-71.95114000000002,2020-03-20 18:58 EDT,33,009,7.1,1.4084507042253522
Hillsborough,New Hampshire,8,0,0,0%,43.1443,-71.93271999999997,2020-03-20 18:58 EDT,33,011,7.76,1.0309278350515465
Carroll,New Hampshire,4,0,0,0%,44.2977,-71.5428,2020-03-20 18:58 EDT,33,003,0.44,9.090909090909092
Merrimack,New Hampshire,1,0,0,0%,43.29765353,-71.680181,2020-03-20 18:58 EDT,33,013,6.8,0.14705882352941177
Oklahoma,Oklahoma,19,1,0,0%,35.58268395,-97.50859936,2020-03-20 18:58 EDT,40,109,15,1.2666666666666666
Cleveland,Oklahoma,11,2,0,0%,35.20309375,-97.32639069,2020-03-20 18:58 EDT,40,027,10.55,1.0426540284360188
Tulsa,Oklahoma,5,0,1,20%,36.15011,-95.99352,2020-03-20 18:58 EDT,40,143,9.86,0.5070993914807302
Kay,Oklahoma,3,1,0,0%,36.81800612,-97.14387074,2020-03-20 18:58 EDT,40,071,1.27,2.3622047244094486
Canadian,Oklahoma,2,0,0,0%,35.54258124,-97.98256476,2020-03-20 18:58 EDT,40,017,2.48,0.8064516129032259
Jackson,Oklahoma,1,0,0,0%,34.5866254,-99.41604727,2020-03-20 18:58 EDT,40,065,0.69,1.4492753623188408
Payne,Oklahoma,1,0,0,0%,36.07732714,-96.9757817,2020-03-20 18:58 EDT,40,119,7.79,0.12836970474967907
Pawnee,Oklahoma,1,0,0,0%,36.31690779,-96.69931207,2020-03-20 18:58 EDT,40,117,0.19,5.2631578947368425
Custer,Oklahoma,1,0,0,0%,35.63885752200008,-99.00153878599994,2020-03-20 18:58 EDT,40,039,1.52,0.6578947368421053
Grady,Oklahoma,1,0,0,0%,35.01711841900004,-97.88402352699995,2020-03-20 18:58 EDT,40,051,1.08,0.9259259259259258
Logan,Oklahoma,1,0,0,0%,35.91931509400007,-97.44331470799996,2020-03-20 18:58 EDT,40,083,2.16,0.4629629629629629
McClain,Oklahoma,1,0,0,0%,35.00934839700005,-97.44417348999997,2020-03-20 18:58 EDT,40,087,0.19,5.2631578947368425
Washington,Oklahoma,1,0,0,0%,36.715245855000035,-95.90436643899994,2020-03-20 18:58 EDT,40,147,0.8,1.25
Garvin,Oklahoma,1,1,0,0%,34.70458264800004,-97.30929616299994,2020-03-20 18:58 EDT,40,049,0.32,3.125
Fayette,Kentucky,8,0,0,0%,38.04227216,-84.45868673,2020-03-20 18:58 EDT,21,067,13.13,0.6092916984006093
Jefferson,Kentucky,8,0,1,12.5%,38.18589024,-85.65499484,2020-03-20 18:58 EDT,21,111,16.63,0.4810583283223091
Harrison,Kentucky,6,0,0,0%,38.44174035,-84.33140447,2020-03-20 18:58 EDT,21,097,0.28,21.428571428571427
Montgomery,Kentucky,2,0,0,0%,38.03347158,-83.91302990000001,2020-03-20 18:58 EDT,21,173,0.36,5.555555555555555
Nelson,Kentucky,1,0,0,0%,37.80507638,-85.46597155,2020-03-20 18:58 EDT,21,179,0.5,2.0
Clark,Kentucky,1,0,0,0%,37.97082287,-84.14733588,2020-03-20 18:58 EDT,21,049,0.46,2.1739130434782608
Bourbon,Kentucky,1,0,1,100%,38.20667946,-84.21713594,2020-03-20 18:58 EDT,21,017,0.24,4.166666666666667
Lyon,Kentucky,1,0,0,0%,37.0261669,-88.07899509,2020-03-20 18:58 EDT,21,143,1.01,0.9900990099009901
Kenton,Kentucky,1,0,0,0%,38.93194372,-84.53299767,2020-03-20 18:58 EDT,21,117,2.45,0.4081632653061224
Daviess,Kentucky,1,0,0,0%,37.72855556900004,-87.08612580099998,2020-03-20 18:58 EDT,21,059,2.6,0.3846153846153846
Henderson,Kentucky,1,0,0,0%,37.79045906600004,-87.57002717799999,2020-03-20 18:58 EDT,21,101,1.17,0.8547008547008548
Johnson,Kansas,23,7,0,0%,38.88377293,-94.82222518,2020-03-20 18:58 EDT,20,091,5.16,4.457364341085271
Wyandotte,Kansas,9,1,1,11.1%,39.11407013,-94.76524274,2020-03-20 18:58 EDT,20,209,1.34,6.716417910447761
Butler,Kansas,2,0,0,0%,37.78128093,-96.83903083,2020-03-20 18:58 EDT,20,015,2.3,0.8695652173913044
Leavenworth,Kansas,2,0,0,0%,39.19872397,-95.03852507,2020-03-20 18:58 EDT,20,103,6.5,0.3076923076923077
Morris,Kansas,2,0,0,0%,38.68744149200006,-96.649758331,2020-03-20 18:58 EDT,20,127,0.07,28.57142857142857
Franklin,Kansas,1,0,0,0%,38.56451748,-95.28594053,2020-03-20 18:58 EDT,20,059,0.48,2.0833333333333335
Douglas,Kansas,1,0,0,0%,38.88462907,-95.29255463,2020-03-20 18:58 EDT,20,045,8.82,0.11337868480725623
Cherokee,Kansas,1,0,0,0%,37.16926692000004,-94.84626757599995,2020-03-20 18:58 EDT,20,021,0.2,5.0
Jackson,Kansas,1,0,0,0%,39.416802722000064,-95.79367440299995,2020-03-20 18:58 EDT,20,085,0.13,7.692307692307692
Linn,Kansas,1,0,0,0%,38.212274609000076,-94.84295890699995,2020-03-20 18:58 EDT,20,107,0.06,16.666666666666668
Sedgwick,Kansas,1,0,0,0%,37.684760536000056,-97.46094701199995,2020-03-20 18:58 EDT,20,173,7.27,0.13755158184319122
Ford,Kansas,0,0,0,NaN%,37.69171326,-99.88798241,2020-03-20 18:58 EDT,20,057,0.71,0.0
Johnson,Iowa,22,0,0,0%,41.67149574,-91.58805417,2020-03-20 18:58 EDT,19,103,8.51,2.5851938895417157
Polk,Iowa,6,0,0,0%,41.68541161,-93.57344237,2020-03-20 18:58 EDT,19,153,9.47,0.6335797254487856
Dallas,Iowa,5,0,0,0%,41.68481683,-94.03976204,2020-03-20 18:58 EDT,19,049,0.68,7.352941176470588
Allamakee,Iowa,3,1,0,0%,43.28531816,-91.3847131,2020-03-20 18:58 EDT,19,005,0.23,13.043478260869565
Pottawattamie,Iowa,1,0,0,0%,41.33665838,-95.54141965,2020-03-20 18:58 EDT,19,155,2.12,0.4716981132075471
Carroll,Iowa,1,0,0,0%,42.06585,-94.86793,2020-03-20 18:58 EDT,19,027,0.41,2.4390243902439024
Harrison,Iowa,1,0,0,0%,41.683014,-95.81552401,2020-03-20 18:58 EDT,19,085,0.28,3.571428571428571
Adair,Iowa,1,0,0,0%,41.33074348,-94.47094644,2020-03-20 18:58 EDT,19,001,0.15,6.666666666666667
Black Hawk,Iowa,1,0,0,0%,42.4478,-92.3814,2020-03-20 18:58 EDT,19,013,4.98,0.2008032128514056
Washington,Iowa,1,0,0,0%,41.33558131,-91.71785751,2020-03-20 18:58 EDT,19,183,0.3,3.3333333333333335
Winneshiek,Iowa,1,0,0,0%,43.29067088,-91.84366779,2020-03-20 18:58 EDT,19,191,2,0.5
Muscatine,Iowa,1,0,0,0%,41.48475597500004,-91.11492979699995,2020-03-20 18:58 EDT,19,139,0.54,1.8518518518518516
Dubuque,Iowa,1,0,0,0%,42.46775473200007,-90.88529554699993,2020-03-20 18:58 EDT,19,061,4.29,0.2331002331002331
Bernalillo,New Mexico,23,3,0,0%,35.05128463,-106.6703125,2020-03-20 18:58 EDT,35,001,11.91,1.9311502938706968
Santa Fe,New Mexico,7,0,0,0%,35.69168,-105.93796,2020-03-20 18:58 EDT,35,049,2.63,2.661596958174905
Sandoval,New Mexico,6,2,0,0%,35.68878872,-106.8666133,2020-03-20 18:58 EDT,35,043,0.76,7.894736842105263
Socorro,New Mexico,2,0,0,0%,34.060140000000004,-106.89187,2020-03-20 18:58 EDT,35,053,0.58,3.4482758620689657
Taos,New Mexico,2,1,0,0%,36.57785635,-105.6310357,2020-03-20 18:58 EDT,35,055,0.47,4.25531914893617
San Miguel,New Mexico,1,0,0,0%,32.15629000000007,-106.73564,2020-03-20 18:58 EDT,35,047,1.3,0.7692307692307692
Doa Ana,New Mexico,1,1,0,0%,32.389650000000074,-106.81474999999996,2020-03-20 18:58 EDT,35,013,4.39,0.22779043280182235
McKinley,New Mexico,1,1,0,0%,35.58049693200008,-108.26144342699995,2020-03-20 18:58 EDT,35,031,0.78,1.282051282051282
New Castle,Delaware,27,4,0,0%,39.65977,-75.56394,2020-03-20 18:58 EDT,10,003,17.47,1.5455065827132228
Sussex,Delaware,6,3,0,0%,38.66201719,-75.39879573,2020-03-20 18:58 EDT,10,005,2.84,2.1126760563380285
Kent,Delaware,5,1,0,0%,39.08881449,-75.56713028,2020-03-20 18:58 EDT,10,001,4.64,1.0775862068965518
Douglas,Nebraska,22,0,0,0%,41.29535164,-96.1553341,2020-03-20 18:58 EDT,31,055,12.6,1.746031746031746
Lincoln,Nebraska,3,0,0,0%,41.04778534,-100.7451548,2020-03-20 18:58 EDT,31,111,0.61,4.918032786885246
Knox,Nebraska,2,0,0,0%,42.63165456,-97.89463638,2020-03-20 18:58 EDT,31,107,0.22,9.090909090909092
Sarpy,Nebraska,2,0,0,0%,41.11286262,-96.1134336,2020-03-20 18:58 EDT,31,153,1.24,1.6129032258064517
Cass,Nebraska,1,0,0,0%,40.90975787,-96.14136094,2020-03-20 18:58 EDT,31,025,0.27,3.7037037037037033
Adams,Nebraska,1,0,0,0%,40.52445442,-98.50120204,2020-03-20 18:58 EDT,31,001,1.3,0.7692307692307692
Nemaha,Nebraska,1,0,0,0%,40.38499768200006,-95.85407456999997,2020-03-20 18:58 EDT,31,127,0.47,2.127659574468085
Lancaster,Nebraska,1,1,0,0%,40.78417019500007,-96.68774050199993,2020-03-20 18:58 EDT,31,109,14.98,0.06675567423230974
Chittenden,Vermont,9,5,1,11.1%,44.45799511,-73.05404973,2020-03-20 18:58 EDT,50,007,10.14,0.8875739644970414
Bennington,Vermont,3,0,0,0%,42.87672,-73.19818000000002,2020-03-20 18:58 EDT,50,003,1.43,2.097902097902098
Windsor,Vermont,3,0,1,33.3%,43.48115,-72.38580999999998,2020-03-20 18:58 EDT,50,027,0.82,3.658536585365854
Washington,Vermont,1,0,0,0%,44.27344561,-72.61485925,2020-03-20 18:58 EDT,50,023,2.41,0.41493775933609955
Orange,Vermont,1,0,0,0%,44.14854,-72.40233,2020-03-20 18:58 EDT,50,017,0.73,1.36986301369863
Addison,Vermont,1,0,0,0%,44.028073600000006,-73.13152876,2020-03-20 18:58 EDT,50,001,2.87,0.3484320557491289
Honolulu,Hawaii,18,0,0,0%,21.30493,-157.85788,2020-03-20 18:58 EDT,15,003,35.94,0.5008347245409015
Maui,Hawaii,5,0,0,0%,20.85953512,-156.5646068,2020-03-20 18:58 EDT,15,009,2.81,1.7793594306049823
Kauai,Hawaii,2,0,0,0%,22.0825024,-159.7275965,2020-03-20 18:58 EDT,15,007,1.19,1.680672268907563
Burleigh,North Dakota,13,2,0,0%,46.97801044,-100.4669442,2020-03-20 18:58 EDT,38,015,3.72,3.4946236559139785
Morton,North Dakota,7,3,0,0%,46.71678116,-101.2857052,2020-03-20 18:58 EDT,38,059,0.82,8.536585365853659
Ward,North Dakota,3,0,0,0%,48.22168092,-101.5418179,2020-03-20 18:58 EDT,38,101,2.53,1.1857707509881423
Cass,North Dakota,1,0,0,0%,46.93296954,-97.24812121,2020-03-20 18:58 EDT,38,017,5.69,0.17574692442882248
Ramsey,North Dakota,1,1,0,0%,48.280143039000045,-98.70822524699994,2020-03-20 18:58 EDT,38,071,0.44,2.272727272727273
Pierce,North Dakota,1,1,0,0%,48.24958814200004,-99.97183049899996,2020-03-20 18:58 EDT,38,069,0.24,4.166666666666667
Blaine,Idaho,16,0,0,0%,43.41233465,-113.9798058,2020-03-20 18:58 EDT,16,013,0.26,61.53846153846153
Ada,Idaho,3,0,0,0%,43.45105691,-116.2411338,2020-03-20 18:58 EDT,16,001,11.07,0.27100271002710025
Teton,Idaho,1,0,0,0%,43.75945168,-111.2076444,2020-03-20 18:58 EDT,16,081,0.01,100.0
Madison,Idaho,1,0,0,0%,43.78418564,-111.6591909,2020-03-20 18:58 EDT,16,065,0.63,1.5873015873015872
Twin Falls,Idaho,1,0,0,0%,42.55619,-114.4696,2020-03-20 18:58 EDT,16,083,0.96,1.0416666666666667
Kootenai,Idaho,1,0,0,0%,47.677587276000054,-116.69713192799999,2020-03-20 18:58 EDT,16,055,1.49,0.6711409395973155
Fremont,Wyoming,9,1,0,0%,43.04051864,-108.6304974,2020-03-20 18:58 EDT,56,013,1.04,8.653846153846153
Sheridan,Wyoming,4,0,0,0%,44.79792,-106.95587,2020-03-20 18:58 EDT,56,033,1.04,3.846153846153846
Laramie,Wyoming,4,0,0,0%,41.30696127,-104.6895498,2020-03-20 18:58 EDT,56,021,1.96,2.0408163265306123
Park,Wyoming,1,0,0,0%,44.52055108,-109.5884635,2020-03-20 18:58 EDT,56,029,0.76,1.3157894736842106
Teton,Wyoming,1,0,0,0%,43.91885107,-110.5962596,2020-03-20 18:58 EDT,56,039,0.27,3.7037037037037033
Yellowstone,Montana,5,0,0,0%,45.93711629,-108.2743481,2020-03-20 18:58 EDT,30,111,3.7,1.3513513513513513
Gallatin,Montana,3,0,0,0%,45.54045182,-111.17041090000002,2020-03-20 18:58 EDT,30,031,3.27,0.9174311926605504
Missoula,Montana,3,0,0,0%,46.87278,-113.99625,2020-03-20 18:58 EDT,30,063,3.65,0.8219178082191781
Silver Bow,Montana,1,0,0,0%,45.99544,-112.65661,2020-03-20 18:58 EDT,30,093,1,1.0
Broadwater,Montana,1,0,0,0%,46.2694,-111.452,2020-03-20 18:58 EDT,30,007,0.05,20.0
Roosevelt,Montana,1,0,0,0%,48.29567118300008,-105.01703534899995,2020-03-20 18:58 EDT,30,085,0.19,5.2631578947368425
Lewis and Clark,Montana,1,1,0,0%,47.12481497,-112.3941446,2020-03-20 18:58 EDT,30,049,1.96,0.5102040816326531
Minnehaha,South Dakota,5,0,0,0%,43.67417757,-96.79142458,2020-03-20 18:58 EDT,46,099,6.27,0.7974481658692185
Beadle,South Dakota,4,0,0,0%,44.41448462,-98.27810992,2020-03-20 18:58 EDT,46,005,0.62,6.451612903225807
Pennington,South Dakota,1,0,1,100%,44.003745,-102.8239008,2020-03-20 18:58 EDT,46,103,2.57,0.38910505836575876
Charles Mix,South Dakota,1,0,0,0%,43.20747461,-98.57667036,2020-03-20 18:58 EDT,46,023,0.59,1.6949152542372883
Davison,South Dakota,1,0,0,0%,43.67472829,-98.14595897,2020-03-20 18:58 EDT,46,035,0.77,1.2987012987012987
Bon Homme,South Dakota,1,0,0,0%,42.99336042,-97.88666966,2020-03-20 18:58 EDT,46,009,1.54,0.6493506493506493
McCook,South Dakota,1,0,0,0%,43.67430648,-97.3684216,2020-03-20 18:58 EDT,46,087,0.31,3.2258064516129035
Fairbanks North Star,Alaska,5,0,0,0%,64.80850665,-146.56348119999996,2020-03-20 18:58 EDT,02,090,4.82,1.0373443983402488
Anchorage,Alaska,4,0,0,0%,61.21753,-149.85825,2020-03-20 18:58 EDT,02,020,7.61,0.5256241787122208
Ketchikan Gateway,Alaska,2,0,0,0%,55.00186527,-130.54977,2020-03-20 18:58 EDT,02,130,0.25,8.0
Jefferson,West Virginia,2,1,0,0%,39.30769274,-77.86269441,2020-03-20 18:58 EDT,54,037,1.05,1.9047619047619047
Tucker,West Virginia,2,0,0,0%,39.11355082500006,-79.56492128999997,2020-03-20 18:58 EDT,54,093,0.2,10.0
Mercer,West Virginia,1,0,0,0%,37.40556515,-81.11143231,2020-03-20 18:58 EDT,54,055,1.11,0.9009009009009008
Monongalia,West Virginia,1,0,0,0%,39.630233859000036,-80.04655462899994,2020-03-20 18:58 EDT,54,061,6.77,0.14771048744460857
Jackson,West Virginia,1,1,0,0%,38.832745224000064,-81.67323565799995,2020-03-20 18:58 EDT,54,035,0.18,5.555555555555555
Clallam,Washington,1,1,0,0%,48.049320400000056,-123.93266749099996,2020-03-20 18:58 EDT,53,009,1.87,0.53475935828877
Fayette,Texas,1,1,0,0%,29.876856058000044,-96.91966842499994,2020-03-20 18:58 EDT,48,149,0.4,2.5
Broomfield,Colorado,2,2,0,0%,39.93598000000003,-105.05269999999996,2020-03-20 18:58 EDT,08,014,0.28,7.142857142857142
Morgan,Colorado,2,2,0,0%,40.26249779400007,-103.81013239299995,2020-03-20 18:58 EDT,08,087,0.56,3.571428571428571
Park,Colorado,1,1,0,0%,39.11926198900005,-105.71712436099995,2020-03-20 18:58 EDT,08,093,0.09,11.11111111111111
Yuma,Colorado,1,1,0,0%,40.002884280000046,-102.42422797299997,2020-03-20 18:58 EDT,08,125,0.2,5.0
Orangeburg,South Carolina,2,2,0,0%,33.438564023000026,-80.80665339299998,2020-03-20 18:58 EDT,45,075,3.02,0.6622516556291391
Aiken,South Carolina,1,1,0,0%,33.54436915700006,-81.63486868199999,2020-03-20 18:58 EDT,45,003,2.3,0.4347826086956522
Berkeley,South Carolina,1,1,0,0%,33.18611063600002,-79.93983359199996,2020-03-20 18:58 EDT,45,015,3.84,0.2604166666666667
Darlington,South Carolina,1,1,0,0%,34.332299170000056,-79.95764756799997,2020-03-20 18:58 EDT,45,031,1.39,0.7194244604316548
Clarendon,South Carolina,1,1,0,0%,33.68714735400005,-80.20177338299999,2020-03-20 18:58 EDT,45,027,1.47,0.6802721088435374
Florence,South Carolina,1,1,0,0%,34.02438837400007,-79.70272945499994,2020-03-20 18:58 EDT,45,041,3.16,0.3164556962025316
Sumter,South Carolina,1,1,0,0%,33.91643026200006,-80.38196367099994,2020-03-20 18:58 EDT,45,085,2.52,0.3968253968253968
Pickens,South Carolina,1,1,0,0%,34.88830557800003,-82.72480061399995,2020-03-20 18:58 EDT,45,077,7.13,0.1402524544179523
Jackson,Alabama,1,1,0,0%,34.784172203000026,-85.99831591999998,2020-03-20 18:58 EDT,01,071,0.6,1.6666666666666667
Lamar,Alabama,1,1,0,0%,33.77922773100005,-88.09692361299994,2020-03-20 18:58 EDT,01,075,0.22,4.545454545454546
Lauderdale,Alabama,1,1,0,0%,34.90347865500007,-87.65938648599996,2020-03-20 18:58 EDT,01,077,2.09,0.47846889952153115
Washington,Alabama,1,1,0,0%,31.407593725000027,-88.20787245099996,2020-03-20 18:58 EDT,01,129,0.15,6.666666666666667
Riley,Kansas,1,1,0,0%,39.29608689300005,-96.73525727399999,2020-03-20 18:58 EDT,20,161,9.68,0.10330578512396695
Madison,Montana,1,1,0,0%,45.30086479000005,-111.92037936699995,2020-03-20 18:58 EDT,30,057,0.16,6.25
Baltimore City,Maryland,11,3,0,0%,39.30194126,-76.61111168,2020-03-20 18:58 EDT,24,510,26.05,0.42226487523992323
Richmond City,Virginia,5,2,0,0%,37.52950871,-77.47573291,2020-03-20 18:58 EDT,51,760,12.51,0.3996802557953637
Virginia Beach City,Virginia,4,0,0,0%,36.74817867,-76.0574891,2020-03-20 18:58 EDT,51,810,9.62,0.4158004158004158
Williamsburg,Virginia,4,3,0,0%,37.26927,-76.70756,2020-03-20 18:58 EDT,51,830,4.28,0.9345794392523364
Alexandria City,Virginia,3,0,0,0%,38.81838615,-77.08622964,2020-03-20 18:58 EDT,51,510,1.83,1.639344262295082
Charlottesville City,Virginia,3,0,0,0%,38.03731327,-78.48702109,2020-03-20 18:58 EDT,51,540,2.42,1.2396694214876034
Harrisonburg,Virginia,1,0,0,0%,38.45163,-78.8697,2020-03-20 18:58 EDT,51,660,7.68,0.13020833333333334
Norfolk,Virginia,1,0,0,0%,36.89279963,-76.26098429,2020-03-20 18:58 EDT,51,710,34.02,0.02939447383891828
Portsmouth City,Virginia,1,0,0,0%,36.84915825100006,-76.35371775099999,2020-03-20 18:58 EDT,51,740,3.06,0.32679738562091504
Blue earth,Minnesota,2,0,0,0%,43.9505,-93.9878,2020-03-20 18:58 EDT,27,013,3.94,0.5076142131979695
Weber-Morgan,Utah,6,2,0,0%,41.2245943,-111.9703114,2020-03-20 18:58 EDT,49,057,2.72,2.205882352941176
Desoto,Mississippi,4,2,0,0%,34.87494026,-89.98882209,2020-03-20 18:58 EDT,28,033,0.61,6.557377049180328
Washington,District of Columbia,71,0,1,1.4%,38.89037,-77.03196,2020-03-20 18:58 EDT,11,001,39.63,1.7915720413827907
St. Louis City,Missouri,5,3,0,0%,38.63399182,-90.24789799,2020-03-20 18:58 EDT,29,510,11.55,0.4329004329004329
Hawaii Island,Hawaii,1,0,0,0%,19.50056,-155.50056,2020-03-20 18:58 EDT,15,001,3.82,0.2617801047120419
